Date,Text,Text Normalization,Sentimen
01/2024,"oiya,, kopken.. makasih. maaf ya gapteks nih, taunya point coffee doank, hehehe",oiya kopi kenangan terima kasih maaf gapteks taunya point coffee coffee doank hehehe,negative
01/2024,"it's always, kopi susu tetangga tuku, palm sugar latte less sugar point coffee, kopi kenangan mantan less sugar, kopi susu keluarga fami cafe, itu aja muter2 terus smbil sesekali diseling rasa baru or tmpat baru apa gtu wkwk",its always kopi susu tetangga tuku palm gula latte gula point coffee coffee kopi kenangan gula kopi susu keluarga fami cafe muter2 smbil diseling or tmpat gtu wkwk,positive
01/2024,Always latte kopi kenangan,always latte kopi kenangan,positive
01/2024,good day sama kopi kenangan,good day kopi kenangan,positive
01/2024,good day sama kopi kenangan sii,good day kopi kenangan sii,positive
01/2024,"kopken, point coffee, janjiw (tp yang oatside)",kopi kenangan point coffee coffee janjiw oatside,positive
01/2024,"gila, kopi kenangan ungu, baru white coffe",gila kopi kenangan ungu white coffe,positive
01/2024,Kopi kenangan,kopi kenangan,positive
01/2024,"Good day, kopi kenangan",good day kopi kenangan,positive
01/2024,"Kopi kenangan, kopiko , gooday",kopi kenangan kopiko gooday,neutral
01/2024,"Good day, kopi kenangan, nescafe",good day kopi kenangan nescafe,positive
01/2024,"Good day,abc,kopi kenangan",good dayabckopi kenangan,positive
01/2024,"Kopi kenangan, white koffie, nescafe",kopi kenangan white koffie nescafe,positive
01/2024,"Kopi kenangan yang Javanesia(?) yang item pokoknya, lupa variannya",kopi kenangan javanesia hitam pokoknya lupa variannya,positive
01/2024,kopi kenangan yg avocuddle,kopi kenangan avocuddle,positive
01/2024,"Tergantung isi dompet, kalo lagi mau irit golda, kalo lgi mau boros nescafe, kopi kenangan.",tergantung isi dompet irit golda boros nescafe kopi kenangan,positive
01/2024,Kopi kenangan ungu menang telak sih.,kopi kenangan ungu menang telak sih,positive
01/2024,"Kopi kenangan, 78",kopi kenangan 78,neutral
01/2024,Kopi Kenangan,kopi kenangan,positive
01/2024,Tora cafe sama kopi kenangan soalnya gak terlalu manis,tora cafe kopi kenangan gak manis,positive
01/2024,Kopi kenangan no debat,kopi kenangan debat,positive
01/2024,"enakan fore/kopken, yg janjiw tuh lebih kerasa susunya drpd matchanya",enakan forekopken janjiw tuh kerasa susunya matchanya,positive
01/2024,Urutan versi aku sih Lawson > Kopken > Point > Fore > janji jiwa,urutan versi sih lawson kopi kenangan point coffee fore janji jiwa,negative
01/2024,Enakan kopken / tomoro wkwk janjiw kurang berasa matchanya malah kek kebanyakan susu menurutku,enakan kopi kenangan tomoro wkwk janjiw berasa matchanya kebanyakan susu menurutku,positive
01/2024,"Luwak white kopi, good day, kopi kenangan",luwak white kopi good day kopi kenangan,positive
01/2024,"jujur msh enak kopken, fore tu kurang rasa matchanya",jujur enak kopi kenangan fore tu matchanya,positive
01/2024,"Matcha ya enakan arah coffee. Urutanku arah coffee > fore > kopken > point > janjiw. Banyak yang bilang point coffee enak, tapi ga seenak itu juga. Untuk ukuran matcha kurengggg. Kurang strong lah dibanding yang urutanku itu. Udah beli no sugar tapi dominan susunya",matcha enakan arah coffee urutanku arah coffee fore kopi kenangan point coffee janjiw bilang point coffee coffee enak seenak ukuran matcha kurengggg strong dibanding urutanku beli gula dominan susunya,negative
01/2024,"Aku nyobain poin ga enak manis banget pdhl udh minta less sugar matchanya g berasa samsek, cobain fore atau kopken kak itu enak matchanya berasa bgt",nyobain poin enak manis banget pdhl udah gula matchanya berasa cobain fore kopi kenangan kak enak matchanya berasa banget,positive
01/2024,Lebih enak kopken sama fore,enak kopi kenangan fore,positive
01/2024,"MATCHA ITU PALING ENAK PUNYA KOPI KENANGAN, YANG CAMPUR OATSIDE. WAJIB COBA!",matcha enak kopi kenangan campur oatside wajib coba,negative
01/2024,menu nya khusus kopi kenangan mantan aja kak kl pake promo jenius,menu nya kopi kenangan kak pakai promo jenius,neutral
01/2024,kopi kenangan mantan kak,kopi kenangan kak,positive
01/2024,Kalo aku as matcha lovers sih g suka walau diganti oatmilk tetep kurang bagi lidah ku. Lebih enakan fore/kopken/point/lawson.,as matcha lovers sih suka diganti oatmilk tetep lidah ku enakan forekopkenpointlawson,positive
01/2024,kopi kenangan matancino,kopi kenangan matancino,positive
01/2024,kopi kenangan gada kh,kopi kenangan gada kh,positive
01/2024,"dlu suka beli nescafe, tp stlh boycott dan lebih sering beli kopken/Fore no sugar gua jd ngerasa kopi ginian manis bgt sampe bikin eneg",suka beli nescafe boycott beli kopkenfore gula ngerasa kopi ginian manis banget bikin eneg,positive
01/2024,Kopi kenangan gula aren sih tetep,kopi kenangan gula aren sih tetep,positive
01/2024,"Ih nauuu, tp jarang ke kopi kenangan, terakhir ke sana taun lalu",ih nauuu jarang kopi kenangan,positive
01/2024,Enak keknya di celupin ke kopi kenangan mantan cocok nih,enak kayaknya celupin kopi kenangan cocok,positive
01/2024,Kopi kenangan/janji jiwa,kopi kenanganjanji jiwa,neutral
01/2024,"banyakk. fore, kopken, point, tomoro, tuku",banyakk fore kopi kenangan point coffee tomoro tuku,positive
01/2024,"Apa ya.. Excelso bisa kalo sukanya kopi yg duarr nendang mata, Fore kalo suka yg lebih light, kalo suka yg tengah2 bisa janji jiwa / kopi kenangan, yg kualitasnya masih suka beda antar gerai 1 sama lainnya kopi point / kopi jadoelnya beanspot",excelso sukanya kopi duarr nendang mata fore suka terang suka tengah2 janji jiwa kopi kenangan kualitasnya suka beda gerai 1 kopi point coffee kopi jadoelnya beanspot,positive
01/2024,"Point Coffee, Kopken, Janji Jiwa",point coffee coffee kopi kenangan janji jiwa,positive
01/2024,"Fore, point coffee, janjiw, kopi kenangan aku lebih sering di 4 ini nder",fore point coffee coffee janjiw kopi kenangan 4,positive
01/2024,"Point coffee, Fore, Tuku, Kopken. Menurutku lbh enak mereka dripada s buxxx",point coffee coffee fore tuku kopi kenangan menurutku lbh enak dripada s buxxx,positive
01/2024,"POINT COFFE, Fore, Kopken, Jco, Janji jiwa.",point coffee coffe fore kopi kenangan jco janji jiwa,negative
01/2024,"Fore, flash, kopken, tomoro, tuku (kqtanya enak bgt tp aku blm coba) ayokk nder masi banyak ko",fore flash kopi kenangan tomoro tuku kqtanya enak banget coba ayokk masi ko,positive
01/2024,fore sama kopi kenangan sih jagoan,fore kopi kenangan sih jagoan,positive
01/2024,"Kalo aku sih point, janji jiwa, belikopi, kopi kenangan. Kalo americano suka di janji jiwa sama point.",sih point coffee janji jiwa belikopi kopi kenangan americano suka janji jiwa point coffee,positive
01/2024,"Tuku, Arah, Fore, Janji Jiwa, sama Kopi Kenangan",tuku arah fore janji jiwa kopi kenangan,positive
01/2024,Kopi kenangan : otside kenangan mantan less sugar AWENAKKK,kopi kenangan otside kenangan gula awenakkk,neutral
01/2024,"Tuku, arah coffee, kopi kenangan, point coffee. Enak semua",tuku arah coffee kopi kenangan point coffee coffee enak,positive
01/2024,"banyak nder, ada point, fore, tuku, kopken, tomoro",point coffee fore tuku kopi kenangan tomoro,positive
01/2024,"Point coffee, tuku, kopi kenangan, fore",point coffee coffee tuku kopi kenangan fore,positive
01/2024,"""Kopi Kenangan"" , "" Kopi Tuku"" Good Day vanilla latte, Kapal Api",kopi kenangan kopi tuku good day vanilla latte kapal api,positive
01/2024,"fore, kopken, tuku, point coffee ini sih yg biasa gue minum",fore kopi kenangan tuku point coffee coffee sih minum,positive
01/2024,"fore, janjiw, kopken, point coffe. banyak nder coffe shop tuhhhh. kamu dom mana btw",fore janjiw kopi kenangan point coffee coffe coffe shop tuhhhh dom ngomong-ngomong,positive
01/2024,"banyak nder, yg sering kubeli ya apalagi sering promo janjiw, kopken, fore, lawson, point coffee kl akhir2 ini tomoro trs",kubeli promo janjiw kopi kenangan fore lawson point coffee coffee akhir2 tomoro,positive
01/2024,"Fore, kopken, dan banyak coffee shop kecil2 itu banyak yg enak krna biasanya owner-nya anak muda yg suka nongkrong",fore kopi kenangan coffee shop kecil2 enak krna ownernya anak muda suka nongkrong,positive
01/2024,"Ga pernah nyoba st4rb4k sih wkwk, karena selama ini ngopi enak2 aja cafe2 lokal kecil di lingkungan sekitar. Tapi kalo nyebut brand, FORE. Biasanya aku janjiw atau kopken tapi setelah melang-lang buana mencari kopi enak akhir2 ini FORE menarik bgt buat aku",nyoba st4rb4k sih wkwk ngopi enak2 cafe2 lokal kecil lingkungan nyebut brand fore janjiw kopi kenangan melanglang buana kopi enak akhir2 fore menarik banget,positive
01/2024,"- Kopken (krn aku gakuat sm kopinya kopken, biasanya ak pesen matchalatte dan ini enak bgt) - kopinya roti O (kopinya enak, ga bikin perut kembung, biasanya aku pesen kopi regal) - point coffee (blm pernah nyobain apapun selain matcha lattenya) - pesenkopi - kopstud 24",kopi kenangan gakuat kopinya kopi kenangan pesen matchalatte enak banget kopinya roti o kopinya enak bikin perut kembung pesen kopi regal point coffee coffee nyobain apapun matcha lattenya pesenkopi kopstud 24,positive
01/2024,"Point, tomoro, kopken enak juga",point coffee tomoro kopi kenangan enak,positive
01/2024,"Janji Jiwa, Kopi Kenangan",janji jiwa kopi kenangan,positive
01/2024,"Tuku, fore, tomoro, kopken,famima. Sejauh ini itu siih favorit w diluar sbux",tuku fore tomoro kopkenfamima siih favorit diluar starbucks,positive
01/2024,"Kopi kenangan, Fore",kopi kenangan fore,positive
01/2024,"Nescafe zero sugar yg ini. Fore (kopinya biar bukan americano gak tahu knp gak cocok di gw, bikin deg2an) KopKen (kopinya gak cocok di perut, boro2 ngantuk, sakit perut jd melek terus)",nescafe zero gula fore kopinya biar americano gak gak cocok bikin deg2an kopi kenangan kopinya gak cocok perut boro2 ngantuk sakit perut melek,negative
01/2024,"fore, tomoro, kopi kenangan",fore tomoro kopi kenangan,positive
01/2024,"Tomoro,fore,kopken,janjiw,point",tomoroforekopkenjanjiwpoint,neutral
01/2024,matcha kopken no sugar & matcha tomoro juga enak. enakan tomoro kalau saya sih cuma yaa emang lebih mehong dikit,matcha kopi kenangan gula matcha tomoro enak enakan tomoro sih yaa mehong dikit,positive
01/2024,"mau tanya dong, kalau matcha tomoro kan ga bisa no sugar yah? kalau dibanding kopken yang no sugar lebih manis manaaa?",matcha tomoro kan gula yah dibanding kopi kenangan gula manis manaaa,negative
01/2024,"imo tomoro matcha nya lebih pahit, menurutku juga tomoro gapake sugar kak, soalnya manisnya lebih ke oatside nya. tomoro matcha nya lebih kenceng dikit daripada kopken.",imo tomoro matcha nya pahit menurutku tomoro gapake gula kak manisnya oatside nya tomoro matcha nya kenceng dikit kopi kenangan,positive
01/2024,kopken lah tomoro gatau knp ga cocok pdhl uda nyoba 3 store beda bjil,kopi kenangan tomoro gatau cocok pdhl uda nyoba 3 store beda bjil,positive
01/2024,tomoro enak tpi kopken tetap dihati,tomoro enak kopi kenangan dihati,positive
01/2024,Tomoro sumpah kopken tuh kemanisan rasa matchanya kalah sama manisnya gitu,tomoro sumpah kopi kenangan tuh kemanisan matchanya kalah manisnya,positive
01/2024,Tomoro belom coba tapi kopken enak,tomoro coba kopi kenangan enak,positive
01/2024,"blm nyoba tomoro, tp kl ke kopken selalu nyobain matcha latte nya tp pake caramel, enak bgt sumpah",nyoba tomoro kopi kenangan nyobain matcha latte nya pakai caramel enak banget sumpah,positive
01/2024,kopken belom coba aaaa tapi tomoro ga tau ya gua coba di 2 store yang beda rasanyaa kureng matcha gitu,kopi kenangan coba aaaa tomoro coba 2 store beda rasanyaa kureng matcha,positive
01/2024,"Di dom aku belum ada tomoro, jadi aku tim kopken nder. Rasanya menurutku masih agak"" mirip sama yang di sbx",dom tomoro tim kopi kenangan menurutku agak mirip sbx,positive
01/2024,"kopken blm nyoba, tomoro enak krn ngga manissss",kopi kenangan nyoba tomoro enak manissss,positive
01/2024,Kalau suka manis kopken Kalau suka yg beneran rasa matcha tomoro,suka manis kopi kenangan suka beneran matcha tomoro,positive
01/2024,jujur matcha tomoro lebih berasa paitnya dibanding kopken soalnya matcha kopken udh less sugar masih kerasa manis bgt jd ak tim tomoro,jujur matcha tomoro berasa paitnya dibanding kopi kenangan matcha kopi kenangan udah gula kerasa manis banget tim tomoro,positive
01/2024,"Kopi kenangan no sugar peenah beli matcha yg no sugar, normal sugar, less sugar. Yg keminum cuma yg normal sugar. Less sugar lumayan lah. Yg no sugar ga ketelennnn",kopi kenangan gula peenah beli matcha gula normal gula gula keminum normal gula gula lumayan gula ketelennnn,positive
01/2024,"Kopken enak, tomoro belum pernah coba",kopi kenangan enak tomoro coba,positive
01/2024,kalo light dpt hint pait lebih ke tomoro tp kalo thick & pait manisnya ada itu di kopken yaa enak dua2nya sih kalo pgn dpt porsi besar dan harganya murah kopken aj,terang hint pait tomoro thick pait manisnya kopi kenangan yaa enak dua2nya sih porsi harganya murah kopi kenangan,positive
01/2024,"Blm nyoba yg tomoro jadi sementara tim matcha kopken, rasa matchanya dominan banget dan enak poll .",nyoba tomoro tim matcha kopi kenangan matchanya dominan banget enak poll,positive
01/2024,"aku tim kopken, tp tomoro enak jg sih",tim kopi kenangan tomoro enak sih,positive
01/2024,Blm nyoba yg tomoro tpi yg kopken enak bgtttt,nyoba tomoro kopi kenangan enak bgtttt,positive
01/2024,Kayaknya ga pernah coba yg kopken. Tp tomoro enak,kayaknya coba kopi kenangan tomoro enak,positive
01/2024,"Depan lobi rawat jalan, di sisi kirinya, sebelahnya jg ada kopi kenangan",lobi rawat jalan sisi kirinya sebelahnya kopi kenangan,positive
01/2024,"enak kopken sih, tadi baru nyoba tomoro kok kureng ya matchanya, padahal udah no sugar",enak kopi kenangan sih nyoba tomoro kureng matchanya gula,positive
01/2024,lebih dikit g sih?? tomoro 28k ga sih?? trus yg matcha kopken brp??,dikit sih tomoro 28k sih matcha kopi kenangan,negative
01/2024,kopi kenangan mantan nder. NO DEBAT,kopi kenangan debat,negative
01/2024,kopi kenangan mantan,kopi kenangan,positive
01/2024,"kopi kenangan mantan pake juwara beans, matchanya pake oat milk",kopi kenangan pakai juwara beans matchanya pakai oat milk,positive
01/2024,"americano, cloud caramel macchiato, kopi susu black aren, kopi kenangan mantan",americano cloud caramel macchiato kopi susu black aren kopi kenangan,positive
01/2024,kopi kenangan MANTAN all the timeeeee,kopi kenangan all timeeeee,positive
01/2024,"Kalian harus tau dulu ada nama menunya light kopi kenangan mantan, itu enak bgt anjirrrrrr tapi sayang bgt udah disconti huhu sedih sekarang mesen kkm biasa aja",nama menunya terang kopi kenangan enak banget anjirrrrrr sayang banget disconti huhu sedih mesen kkm,negative
01/2024,Kopi kenangan mantan less sweet,kopi kenangan sweet,positive
01/2024,matcha nya sama kopi kenangan mantan,matcha nya kopi kenangan,positive
01/2024,"Kopi kenangan, large, less ice, juwara beans udah paling bener",kopi kenangan large ice juwara beans benar,positive
01/2024,kopi kenangan mantan less sugar,kopi kenangan gula,positive
01/2024,"selalu beli americano large no sugar kenangan blend, karna kopi kopken ga seasen janjiw",beli americano large gula kenangan blend kopi kopi kenangan seasen janjiw,positive
01/2024,kopi kenangan mantannya gada lawannnn,kopi kenangan mantannya gada lawannnn,negative
01/2024,kopi kenangan mantan less sugar. jaman masih kerja seminggu kayaknya 2-3x beli ini,kopi kenangan gula jaman kerja seminggu kayaknya 23x beli,positive
01/2024,Americano (no sugar) Kopi kenangan mantan (less sugar) Dua shot ices shaken (less sugar) Selalu ini sih,americano gula kopi kenangan gula shot ices shaken gula sih,positive
01/2024,es kopi kenangan mantan less sugar,es kopi kenangan gula,negative
01/2024,"kopi kenangan mantan large less ice, fresh milk, less sugar paling topp",kopi kenangan large ice fresh milk gula topp,positive
01/2024,Kopi kenangan mantan sama thai green tea (walaupun under tapi entah kenapa suka),kopi kenangan thai green tea under suka,positive
01/2024,Kopi kenangan mantan udh the best sii buat ku,kopi kenangan udah best sii ku,positive
01/2024,kopi kenangan CEO,kopi kenangan ceo,positive
01/2024,Kopi kenangan mantan. Rasanya pahit manis kek idup wkwkwk,kopi kenangan pahit manis idup wkwkwk,negative
01/2024,"menu coffee aku cuma cocok latte, non coffee sering pesen matcha oatside latte, milo juga suka cuma kadang kemanisan buat aku. kopi kenangan mantan di aku ga cocok, mau normal/less sweet emg aku gadoyan kopi pake syrup/gula aren",menu coffee cocok latte non coffee pesen matcha oatside latte milo suka kadang kemanisan kopi kenangan cocok normalless sweet memang gadoyan kopi pakai syrupgula aren,positive
01/2024,kopi kenangan mantan pastinya,kopi kenangan pastinya,positive
01/2024,"Kenangan Mantan udah paling cocok buat lidah aing, nih hebatnya kopken bikin ukuran cup gedean buanget. . .mgkn menurut dia kita negak kopi sehari 3x jd biar lebih praktis ye. .kembung2 dah",kenangan cocok lidah hebatnya kopi kenangan bikin ukuran cup gedean buanget mungkin negak kopi sehari 3x biar praktis ye kembung2 deh,positive
01/2024,"selalu beli kopi kenangan mantan atau americano, ga pernah nyoba yang lain",beli kopi kenangan americano nyoba,negative
01/2024,matcha latte no sugar sama kopi kenangan mantan,matcha latte gula kopi kenangan,positive
01/2024,Kopi kenangan mantan sama milodinosaurus,kopi kenangan milodinosaurus,negative
01/2024,Kopi Kenangan mantan dan juga matcha latte pake oat milk,kopi kenangan matcha latte pakai oat milk,positive
01/2024,"kenangan mantan! udh gatau brp kali order saking enaknya, coba kopi lain tetep kopken kenangan mantan yg paling enakkk!",kenangan udah gatau order saking enaknya coba kopi tetep kopi kenangan kenangan enakkk,positive
01/2024,Oatside kopi kenangan mantan,oatside kopi kenangan,positive
01/2024,Matcha Latte Kopi Kenangan Less Sugar enak juga.,matcha latte kopi kenangan gula enak,positive
01/2024,Kopi tuku tapi gak tau namanya pokoknya yg kopsus gula aren Kopi kenangan yang CEO secret Fore yg butterscot sea salt Point coffee yg palm sugar latte dan coklat frappe less sugar,kopi tuku gak namanya pokoknya kopsus gula aren kopi kenangan ceo secret fore butterscot sea salt point coffee coffee palm gula latte coklat frappe gula,positive
01/2024,Burger blenger setelah sekian lamaaaaa kepengen dan kopi kenangan mantan,burger blenger lamaaaaa kopi kenangan,positive
01/2024,"Mamaku tipe yg kek gini. And so opposite with my dad. Jd aku selalu cari tengahnya aja, beli martabak ato roti kek breadtalk gitu aja. Pasti dimakan krn gabisa bikin sendiri wkwkwkwkwk kalo bokap mah bisa ditambah sm beliin kopi fore or kopken. Aman dahh hehe",mamaku tipe gini and so opposite with my dad cari tengahnya beli martabak roti breadtalk dimakan gabisa bikin wkwkwkwkwk ayah mah ditambah belikan kopi fore or kopi kenangan aman dahh he,positive
02/2024,"pagi dagang buah,gorengan,sayur lauk mateng,burjo.buryam.sariroti,roti rumahan Siang:bakso,tahu bulat,klepon Sore ampe mlm:lumpia, Klo mau jajanan yg laen tinggal nyebrang aja(gacoan,pijahat,yosinoya,kopken,fore,hokben,janjiw,kaepsi,mixue,angkringan)",pagi dagang buahgorengansayur lauk matengburjoburyamsarirotiroti rumahan siangbaksotahu bulatklepon sore ampe mlmlumpia jajanan laen nyebrang ajagacoanpijahatyosinoyakopkenforehokbenjanjiwkaepsimixueangkringan,positive
02/2024,Coklat Batagor Kopi Kopi Kenangan (Janjiw rasa air) Cilok Brownis Mie goreng Sate Ayam Ice cream Semangka Seblak Salad sayur Kangkung,coklat batagor kopi kopi kenangan janjiw air cilok brownis mie goreng sate ayam ice cream semangka seblak salad sayur kangkung,positive
02/2024,Keju Batagor Kopi Kopi kenangan Cimol Brownis Kwetiaw Sate ayam Es krim Melon Seblak Salad buah -,keju batagor kopi kopi kenangan cimol brownis kwetiaw sate ayam es krim melon seblak salad buah,positive
02/2024,"coklat, siomay, teh, gak janjiw gak kopken tapi fore (mff), cilok, brownis, mie goreng, sate ayam, ice cream, semangka, baso aci, salad buah, kangkung.",coklat siomay kakak perempuan gak janjiw gak kopi kenangan fore mff cilok brownis mie goreng sate ayam ice cream semangka baso aci salad buah kangkung,positive
02/2024,keju ga suka dua2 kopi kopken? soalnya jarang minum janjiw tp lebih suka fore cilok brownies kwetiaw sate ayam gelato semangka baso aci salad sayur both,keju suka dua2 kopi kopi kenangan jarang minum janjiw suka fore cilok brownies kwetiaw sate ayam gelato semangka baso aci salad sayur both,positive
02/2024,Coklat keju Siomay Kopi teh Kopi kenangan Cimol Brownis Kwetiauw goreng Sate ayam Gelato Semangka Seblak Salad sayur Kangkung,coklat keju siomay kopi kakak perempuan kopi kenangan cimol brownis kwetiauw goreng sate ayam gelato semangka seblak salad sayur kangkung,positive
02/2024,Keju Siomay Kopi (walau gabisa minum karena asam lambung :3) Kopi kenangan Cilok Brownies Kwetiau goreng Sate kambing Gelato Semangka Seblak Salad buah Bayam,keju siomay kopi gabisa minum asam lambung 3 kopi kenangan cilok brownies kwetiau goreng sate kambing gelato semangka seblak salad buah bayam,positive
02/2024,Keju Siomay Teh Kopi kenangan Cilok Brownies Mie goreng Sate ayam Ice cream dan Gelato Semangka Seblak Salad buah dan Salad sayur Kangkung,keju siomay kakak perempuan kopi kenangan cilok brownies mie goreng sate ayam ice cream gelato semangka seblak salad buah salad sayur kangkung,positive
02/2024,"Ak klo ke tmpt kopi2 kekinian gini, pasti nyoba yg basic kyk kopi susu atau kopi gula aren. Dan utk kopi aren susu, jauh lbh enak kopken pny, yg tomoro ni rasa kopinya tipis bgt.",kopi2 kekinian gini nyoba basic kopi susu kopi gula aren kopi aren susu lbh enak kopi kenangan pny tomoro kopinya tipis banget,positive
02/2024,enakan fore si kalo matcha. fore-sbux-kopken-point-tomoro-janjiw,enakan fore si matcha foresbuxkopkenpointtomorojanjiw,neutral
02/2024,: bukannya beli whisaks malah beli kopi kenangan,bukannya beli whisaks beli kopi kenangan,neutral
02/2024,"Aku tadi minum ini, dibeliin bos Langsung gerdku kambuh. Kafeinnya tinggi banget coy. Karena aku biasanya minum kopi kenangan, ga sampek gerd.",minum dibeliin bos gerdku kambuh kafeinnya banget coy minum kopi kenangan sampek gerd,positive
02/2024,"enak kok menurutku ga se overrated itu karena harganya murah dan udh inc ppn,aplg kalo jadi member tuh tiap minggu diskon 30% ini best top 3 kopi lokal 1.excelso 2.kopken 3.tomoro",enak menurutku overrated harganya murah udah inc ppnaplg member tuh diskon 30 best top 3 kopi lokal 1excelso 2kopken 3tomoro,positive
02/2024,justru yg kopken manis doang dari sekian brand emang yg paling enak matchanya tomoro tapi yg oat,kopi kenangan manis doang brand enak matchanya tomoro oat,positive
02/2024,"Baru aja semalem makan, b aja sih..huhu Harganya 40, tp blm tax service jd 49k. Aku mkn di citos & udh ga antri. Mending yg di kopi kenangan cm 19rb",semalem makan b sihhuhu harganya 40 tax service 49k mkn citos udah antri kopi kenangan cm 19rb,positive
02/2024,"mending fore, atau kopken yg outside matcha latte kak",fore kopi kenangan outside matcha latte kak,negative
02/2024,"sbrnya sama aja, kayak ada menu yg lebih enak di kopken, ada menu yg lebih enak di tomoro.",sbrnya kayak menu enak kopi kenangan menu enak tomoro,positive
02/2024,"ril karena aku beli matcha kopken aku taro kulkas, besoknya aku beli matcha tomoro jd bandingin langsung",ril beli matcha kopi kenangan taro kulkas besoknya beli matcha tomoro bandingin,neutral
02/2024,"wkwkwk iya soalnya orang yg gasuka matcha kan bilangnya kaya rasa rumput, jadi yaudah aku bilangnya jg rumput sekalian kak mungkin kebanyakan bilang enakan tomoro krna rasa matchanya ga terlalu pekat ya tp rekomen dari aku kalo kopken sih yg oatside matcha latte no sugar",wkwkwk iya gasuka matcha kan bilangnya kaya rumput bilangnya rumput kak mungkin kebanyakan bilang enakan tomoro krna matchanya pekat rekomen kopi kenangan sih oatside matcha latte gula,positive
02/2024,Di kopi kenangan kak tapi sebelum nya cek dulu aplikasi nya -s,kopi kenangan kak nya cek aplikasi nya s,neutral
02/2024,Lebih merindukan soft cookies kenangan manisnya kopi kenangan,merindukan soft cookies kenangan manisnya kopi kenangan,positive
02/2024,Kopi kenangan cepetan buka cabang di daerah gw,kopi kenangan cepetan buka cabang daerah,positive
02/2024,Sama KopKen masih lebih enak Tomoro kak??,kopi kenangan enak tomoro kak,positive
02/2024,"Enak kak hehe gimana ya Matchanya berasa, kalo dibanding sama matcha espresso punyanya kopken aku lebih milih yg tomoro ini",enak kak he matchanya berasa dibanding matcha espresso punyanya kopi kenangan milih tomoro,positive
02/2024,"enakk sama kopken nderr enak juga, 2 itu juaraku",enakk kopi kenangan nderr enak 2 juaraku,positive
02/2024,"aku pribadi yg tomoro kakk, matcha di kopken menerutku agak sepet sementara di tomoro lebih lembut + kerasa",pribadi tomoro kakk matcha kopi kenangan menerutku agak sepet tomoro lembut kerasa,positive
02/2024,"enak emang, tapi lebih enak kopi kenangan sih, lebih pekat matchanya",enak enak kopi kenangan sih pekat matchanya,positive
02/2024,"enakan tomoro imo, kopken terlalu manis. tp klo matcha tomoro sih yang oat yaaa yg pernah kucoba",enakan tomoro imo kopi kenangan manis matcha tomoro sih oat yaaa kucoba,positive
02/2024,"kopken.. di outlet tomoro yg biasa aku beli tuh suka kemanisan gitu, gatau yang lainnya ya. jadi kaya harus nunggu esnya leleh baru lumayan rasanya",kopi kenangan outlet tomoro beli tuh suka kemanisan gatau kaya nunggu esnya leleh lumayan,positive
02/2024,"enak dua duanya, tergantung lg mau kopken apa tomoro",enak duanya tergantung kopi kenangan tomoro,positive
02/2024,"FAVORITE BANGETT TOLONGG!!! as matcha latte lovers, top tier aku adalah tomoro matcha latte (bukan yg oat). followed by kopi kenangan and feel matcha",favorite bangett tolongg as matcha latte lovers top tier tomoro matcha latte oat followed kopi kenangan and feel matcha,positive
02/2024,"Kopken sih kalo aku, kalo tomoro kemanisan di aku :(",kopi kenangan sih tomoro kemanisan,negative
02/2024,"enak tomoro plss, menurutku kopken bener2 berasa rumput",enak tomoro plss menurutku kopi kenangan bener2 berasa rumput,positive
02/2024,"tomoro ka, kopken di aku kemanisan pdhl udh less sugar kl tomoro pait manis",tomoro kakak kopi kenangan kemanisan pdhl udah gula tomoro pait manis,positive
02/2024,"Kopken tp sweetnya 25% aja. Matcha kopken lebih berasa matcha yg ga grassy, klu tomoro matchanya lebih grassy gt",kopi kenangan sweetnya 25 matcha kopi kenangan berasa matcha grassy klu tomoro matchanya grassy,positive
02/2024,Kopi Kenangan matcha-nya enak?,kopi kenangan matchanya enak,positive
02/2024,Tomoro enak dr pd kopken,tomoro enak dr kopi kenangan,positive
02/2024,kopi kenangan yg tiap pagi gw beli,kopi kenangan pagi beli,positive
02/2024,setuju udh paling bener matcha nya kopken. yg mirip matcha kopken tu tomoro siii itu jg enaakk,setuju udah benar matcha nya kopi kenangan mirip matcha kopi kenangan tu tomoro siii enaakk,positive
02/2024,"jujur matcha chatime gak terlalu dominan matchanya malahan dominan ke susu. Kalau mau dominan matcha beli matchanya kopi kenangan, harganya gak beda jauh dari chatime untuk ukuran regulernya.",jujur matcha chatime gak dominan matchanya malahan dominan susu dominan matcha beli matchanya kopi kenangan harganya gak beda chatime ukuran regulernya,positive
02/2024,"Kopi kenangan yg oatside matcha lumayan kentel matchanya berasa, tapi bagi aku masih kurang pait Lebih pait soft ice creamnya Kalo kamu suka yg tipe matcha pait, coba greentea frappe jco",kopi kenangan oatside matcha lumayan kentel matchanya berasa pait pait soft ice creamnya suka tipe matcha pait coba greentea frappe jco,positive
02/2024,Coffe: kopi kenangan mantan Non coffe nya: matcha latte Less sugar semuaaaah,coffe kopi kenangan non coffe nya matcha latte gula semuaaaah,positive
02/2024,kopi kenangan mantan yg less sugar,kopi kenangan gula,negative
03/2024,lebih prefer matcha punyanya kopi kenangan sih lebih kentel aja gitu,prefer matcha punyanya kopi kenangan sih kentel,positive
03/2024,kopken sm point sih yg terbaik! kalo matchanya fore manis bgt meskipun dia less sugar,kopi kenangan point coffee sih terbaik matchanya fore manis banget meskipun gula,positive
03/2024,KOPI KENANGAN MANTAN LESS SUGAR,kopi kenangan gula,negative
03/2024,"Matcha Latte, Thai Tea, sama Kopi Kenangan Mantan (3 menu andelan tiap ke kopken)",matcha latte thai tea kopi kenangan 3 menu andelan kopi kenangan,positive
03/2024,Matcha latte less sugar-nya Kopi kenangan,matcha latte sugarnya kopi kenangan,positive
03/2024,"Jangan dipaksa sayang. Daripada kamunya kenapa-kenapa Oh, kalo gak salah di Kopi Kenangan ada menu kopi yang rasanya ringan deh. Kamu coba aja kesana",dipaksa sayang kamunya kenapakenapa gak salah kopi kenangan menu kopi ringan deh coba kesana,positive
03/2024,Ini enak tapi aku kopinya diganti pake americano kopi kenangan,enak kopinya diganti pakai americano kopi kenangan,positive
03/2024,"Kalau frappe di point indomaret, fore, tomoro ada kok, kalau di chatime & kopi kenangan juga ada yg teksturnya mirip tapi gapake whip cream",frappe point coffee indomaret fore tomoro chatime kopi kenangan teksturnya mirip gapake whip cream,positive
03/2024,Tetap tuku gw dibawahnya tomoro baru ranking 3nya kopken,tuku dibawahnya tomoro ranking 3nya kopi kenangan,neutral
03/2024,kopi kenangan,kopi kenangan,positive
03/2024,cookies kopi kenangan,cookies kopi kenangan,positive
03/2024,"versi kopi kenangan, must try!!!!",versi kopi kenangan must try,positive
03/2024,nescafe good day kopi kenangan abc golda,nescafe good day kopi kenangan abc golda,positive
03/2024,"Abc kopi susu gula aren, sama kopi kenangan yang bleck aren",abc kopi susu gula aren kopi kenangan bleck aren,positive
03/2024,kopi kenangan yg ungu boleh lah,kopi kenangan ungu,neutral
03/2024,"Dulu aku suka Good Day, tp Kopi Kenangan botolan jg enak",suka good day kopi kenangan botolan enak,positive
03/2024,Menurut lidahku cuma kopi kenangan aja yg masuk di lidahku,lidahku kopi kenangan masuk lidahku,positive
04/2024,"Fore, Point Coffee, Kopi Kenangan. Dan Kopi Liong Bulan",fore point coffee coffee kopi kenangan kopi liong,positive
04/2024,1. Fore 2. point 3. kopken 4. Kopi soe 5. Janjiw,1 fore 2 point coffee 3 kopi kenangan 4 kopi soe 5 janjiw,negative
04/2024,Kopi kenangan dan fore,kopi kenangan fore,positive
04/2024,Urutannya Tuku - Fore - Kopken - % - Tomoro,urutannya tuku fore kopi kenangan tomoro,neutral
04/2024,"dari segi harga & rasa, konsistensi rasa : kopken fore suka jg tapi lebih mahal nako lumayan enak soe, kulo, janji jiwa, famima ga suka tuku terlalu light dan dominan susu aja point malah blm nyoba arabica blm krn mahal",segi harga konsistensi kopi kenangan fore suka mahal nako lumayan enak soe kulo janji jiwa famima suka tuku terang dominan susu point coffee nyoba arabica mahal,positive
04/2024,"Tuku, fore, point, kopken, tomoro. Kalo arabica % baru pernah nyobain coffee soft ice cream, tapi itu enak sih",tuku fore point coffee kopi kenangan tomoro arabica nyobain coffee soft ice cream enak sih,positive
04/2024,"Kalo yg digambar sih best of 3 nya: fore, tuku, kopken",digambar sih best of 3 nya fore tuku kopi kenangan,positive
04/2024,"tuku, fore, sm kopken. kalo yg gaada difoto pilona sm kemenangan. btw blm nyoba arabica euy",tuku fore kopi kenangan uang difoto pilona kemenangan ngomong-ngomong nyoba arabica euy,positive
04/2024,Tuku & kopi kenangan!!!,tuku kopi kenangan,positive
04/2024,"kopken,fore,janjiw",kopkenforejanjiw,neutral
04/2024,Kopi gua ckup kopi kenangan mantan udh pling murah dpet bnyak,kopi ckup kopi kenangan udah pling murah dpet bnyak,positive
04/2024,"tuku, kopken, fore, tpi klo yg manis2 creamy gitu point sih",tuku kopi kenangan fore manis2 creamy point coffee sih,positive
04/2024,1. Tuku 2. Fore 3. Poin Coffee 4. Kopken 5. Tomoro 6. Nako 7. Janji Jiwa,1 tuku 2 fore 3 poin coffee 4 kopi kenangan 5 tomoro 6 nako 7 janji jiwa,positive
04/2024,"Point, tuku, fore, kopken, jokopi duabestttt",point coffee tuku fore kopi kenangan jokopi duabestttt,neutral
04/2024,"Kopi kenangan, Fore, point coffee",kopi kenangan fore point coffee coffee,positive
04/2024,"aku baru coba fore tuku kopken point kulo tomoro, can not choose tp paling sering belinya kopken so maybe kopken is my current fav",coba fore tuku kopi kenangan point coffee kulo tomoro not choose belinya kopi kenangan so maybe kopi kenangan is my current favorit,positive
04/2024,Urutan selera gua; -Janjiw -Tomoro -Fore -Point -Family -Kopken Sisanya antara belum nyoba atau udah lupa saking lamanya ga nyoba,urutan selera janjiw tomoro fore point coffee family kopi kenangan sisanya nyoba lupa saking nyoba,positive
04/2024,kasta kopi ku 1. tomoro 2. kopken 3. fami 4. nako JANJIW NGGA AKAN PERNAH MASUK LAGI SOALNYA TRAUMA SEUMUR HIDUP,kasta kopi ku 1 tomoro 2 kopi kenangan 3 fami 4 nako janjiw masuk trauma seumur,negative
04/2024,"kopken fore point tuku, kulo, fami kemanisan janjiw zonk",kopi kenangan fore point coffee tuku kulo fami kemanisan janjiw bodoh,neutral
04/2024,"Kopken sama fore, fore strong bgt bikin gw ga bisa tidur. Kalo kopken ga se strong fore, 2 kopi ini mantep kalo di minum buat perjalanan jauh biar ga ngantuk",kopi kenangan fore fore strong banget bikin tidur kopi kenangan strong fore 2 kopi mantap minum perjalanan biar ngantuk,positive
04/2024,"fore, tuku, ksk, kopken, animo urutab strong ke low kopi",fore tuku ksk kopi kenangan animo urutab strong kopi,neutral
04/2024,"fore, makmur, point coffee, tuku, nako, janjiw, kopken",fore makmur point coffee coffee tuku nako janjiw kopi kenangan,positive
04/2024,"fore, kopken, point kadang enak kadang engga",fore kopi kenangan point coffee kadang enak kadang engga,positive
04/2024,"fore kalo lagi pengen kopi yang creamy dan manis, kopken kalo lagi pengen yang kopinya kerasa bgt (juwara beansnya ), point kalo pengen kombinasi keduanya",fore pengen kopi creamy manis kopi kenangan pengen kopinya kerasa banget juwara beansnya point coffee pengen kombinasi keduanya,positive
04/2024,"fore, kopken, point, janjiw (mw coba tuku tp blm kesampeannn hiks)",fore kopi kenangan point coffee janjiw now watching coba tuku kesampeannn hiks,negative
04/2024,"Tuku yg kopi tetangga, kopken yg kenangan mantan, fore yg americano triple peach/berry manuka",tuku kopi tetangga kopi kenangan kenangan fore americano triple peachberry manuka,positive
04/2024,"top tier fore/point, opsi lain bisa kopken/janjiw, tuku/arabica blm pernah nyoba blom ada juga, sisanya ga masuk seleraku",top tier forepoint opsi kopkenjanjiw tukuarabica nyoba blom sisanya masuk seleraku,negative
04/2024,"tuku, kopken, point sm fore enak juga tapi msh kurang strong kopinya kalo ga add shot",tuku kopi kenangan point coffee fore enak strong kopinya add shot,positive
04/2024,"Opsi jajan kopiku di Bandung masih fore/kopken. Tuku, kopi soe sama %Arabica cuma pernah nyoba sekali kopinya tapi suka jugaa",opsi jajan kopiku bandung forekopken tuku kopi soe arabica nyoba kopinya suka jugaa,positive
04/2024,"Kopken, tuku, fore, & point",kopi kenangan tuku fore point coffee,neutral
04/2024,"Tuku, Kopken sama Tomoro",tuku kopi kenangan tomoro,positive
04/2024,"Kopken, tapi kalo lagi ada uang lebih pasti beli fore",kopi kenangan uang beli fore,positive
04/2024,"janjiw sm kopken sih, sama mau nyoba fore karna katanya enak(?)",janjiw kopi kenangan sih nyoba fore enak,positive
04/2024,"Tuku!!!, yg kedua kopi Calf asli enak banget! % biasa aja tp harganya kopken/point coffee enak juga",tuku kopi calf asli enak banget harganya kopkenpoint coffee enak,positive
04/2024,"fore, janji, kopken, tuku , famicafe bestt sii",fore janji kopi kenangan tuku famicafe bestt sii,positive
04/2024,Makmur jaya tapi kalau yg disini fore sama kopken,makmur jaya disini fore kopi kenangan,positive
04/2024,"Tuku, kopken, fore enak, kalo arabica kata aku kureng apa aku pesennya salah kali ya karena minta yg light coffeenya jadi kaya minum air biasa, mana harganya mehong",tuku kopi kenangan fore enak arabica kureng pesennya salah terang coffeenya kaya minum air harganya mehong,positive
04/2024,kopken fore tuku famima point enak semua…,kopi kenangan fore tuku famima point coffee enak,positive
04/2024,"Fore, kalo point sama kopken gw pesen nonkopi nya terus hehe",fore point coffee kopi kenangan pesen nonkopi nya he,negative
04/2024,kopi kenangan kopi dolce,kopi kenangan kopi dolce,positive
04/2024,"Fore, kopken, janjiw. Sisanya belum nyoba",fore kopi kenangan janjiw sisanya nyoba,negative
04/2024,"tuku, fore, familymart, kopi kenangan, point",tuku fore familymart kopi kenangan point coffee,positive
04/2024,1. kopken 2. tuku 3. jago 4. fore 5. point,1 kopi kenangan 2 tuku 3 jago 4 fore 5 point coffee,positive
04/2024,"kopi tuku ga banyak orang tau krn emang ga menyebar kayak point coffee, janjiw dan kopken tapi mesti coba guys!!! kopi susu tetangga my favorite!!! perpaduan kopi dan susunya ok, ngeblend gt sama hint rasa brown sugarnya tuh pas bgt",kopi tuku menyebar kayak point coffee coffee janjiw kopi kenangan mesti coba teman-teman kopi susu tetangga my favorite perpaduan kopi susunya ok ngeblend hint brown sugarnya tuh pas banget,positive
04/2024,karna blm pernah cobain semua. akan ak bilang yg terbaik itu kopi kenangan,cobain bilang terbaik kopi kenangan,positive
04/2024,"fore, point coffee, tuku, kopken. btw yg persenan itu enak ga si?",fore point coffee coffee tuku kopi kenangan ngomong-ngomong persenan enak si,positive
04/2024,Tomoro nako janji jiwa kopi kenangan dan point,tomoro nako janji jiwa kopi kenangan point coffee,neutral
04/2024,"Kopken, famima, fore. Tuku enak jg sbnrnya tapi terlalu pait di mulut aku",kopi kenangan famima fore tuku enak sbnrnya pait mulut,positive
04/2024,Urutannya Fore Kopken Tomoro,urutannya fore kopi kenangan tomoro,neutral
04/2024,"tuku, calf, fore, point, kopken, fami cafe janji jiwa sebetulnya masuk, cm doi beda outlet suka beda taste nya",tuku calf fore point coffee kopi kenangan fami cafe janji jiwa masuk cm doi beda outlet suka beda taste nya,positive
04/2024,"Tuku, calf, fore, kopken, FC, famima",tuku calf fore kopi kenangan fc famima,neutral
04/2024,kopken sm fore sihh,kopi kenangan fore sihh,positive
04/2024,"Mine is still Tuku. Kopi yang okelah kalau Tuku ga ada: Kopi Kenangan Mantan (Kopken), Kopi Susu Keluarga (Fami), Tomoro, Kopi Nako.",mine is tuku kopi okelah tuku kopi kenangan kopi kenangan kopi susu keluarga fami tomoro kopi nako,positive
04/2024,"tuku, fore, kopi soe, janjiw, kopken, tomoro, point coffee kuloo gue lupaa rasanyaa, sangking di daerah gue udh gada/ada tpi gue ganoticee soalny yg di deket rumah udh tutup",tuku fore kopi soe janjiw kopi kenangan tomoro point coffee coffee kuloo lupaa rasanyaa sangking daerah udah gadaada ganoticee soalny deket rumah udah tutup,positive
04/2024,"tuku, fore, point coffee (palm sugar yg botol), kopken, tomoro, kopi nako (daur baur)",tuku fore point coffee coffee palm gula botol kopi kenangan tomoro kopi nako daur baur,positive
04/2024,1. Tuku 2. Kopi kenangan 3. kopi indomaret point 4. kopi family mart,1 tuku 2 kopi kenangan 3 kopi indomaret point coffee 4 kopi family mart,positive
04/2024,"fore, point, kopken soalnya gada tuku dsni",fore point coffee kopi kenangan gada tuku dsni,neutral
04/2024,"kopken, point, fore oke bgt lah dari segi harga dan ampuh ngilangin ngantuk",kopi kenangan point coffee fore oke banget segi harga ampuh ngilangin ngantuk,positive
04/2024,"Nyoba aren latte nya tomoro enakkk sih kl dibanding am kopken, soalnya bru nyoba 2 itu",nyoba aren latte nya tomoro enakkk sih dibanding am kopi kenangan nyoba 2,positive
04/2024,1. kopi kenangan 2. point 3. fore seneng sama 3 ini aja wkwk,1 kopi kenangan 2 point coffee 3 fore seneng 3 wkwk,positive
04/2024,"Kopken.. fore & fm, tapi sekarang udah gaboleh minum fm. Free palestine",kopi kenangan fore fm gaboleh minum fm free palestine,positive
04/2024,"Belum nyoba fore,ada yg bisa direkomendasikan? Sejauh ini kopken,tuku sama point enak",nyoba foreada direkomendasikan kopkentuku point coffee enak,positive
04/2024,"tuku, fore, kopken, point",tuku fore kopi kenangan point coffee,neutral
04/2024,kalo taste >> price fore buttercream less sugar tuku caramel macchiato less sugar point caramel macchiato less sugar kopken double shaken tp ngeliat harga jelas point ehehe,taste price fore buttercream gula tuku caramel macchiato gula point coffee caramel macchiato gula kopi kenangan double shaken melihat harga point coffee ehehe,positive
04/2024,"Sebenernya kusuka kopken, tp akhir² ini klo minum itu jd deg²an + tremor.. jd fore/tuku",sebenernya kusuka kopi kenangan minum degan tremor foretuku,negative
04/2024,kalo gue si fore sama si kopi kenangan si,si fore si kopi kenangan si,positive
04/2024,"Kopi Kenangan, Tomoro",kopi kenangan tomoro,neutral
04/2024,"yang belom pernah coba cuma arabica aja. plg suka famimart - kopken - point coffee - fore - tuku - kopinako - filkop - tomoro - kulo - janjiw - kopisoe tp sebenernya paling suka calf sih, sayang gak ada di foto wkwkwk",coba arabica suka famimart kopi kenangan point coffee coffee fore tuku kopinako filkop tomoro kulo janjiw kopisoe sebenernya suka calf sih sayang gak foto wkwkwk,positive
04/2024,tuku (kopi susu tetangga) fore (butterscotch sea salt latte) famima (kopi susu keluarga) kopken (kopi kenangan mantan) jago (lupa pokoknya yg aren),tuku kopi susu tetangga fore butterscotch sea salt latte famima kopi susu keluarga kopi kenangan kopi kenangan jago lupa pokoknya aren,positive
04/2024,"apa ya bingung, sejauh ini -tuku -point coffe -fore -tomoro -kopken bingung ah",bingung tuku point coffee coffe fore tomoro kopi kenangan bingung ah,negative
04/2024,"Arabica Tuku Kopken Kopinako Fore dst..... Terahir banget janji jiwa, alias wtf",arabica tuku kopi kenangan kopinako fore terahir banget janji jiwa alias what fuck,positive
04/2024,Versi gw sih ini ; 1. Kopken 2. Point coffee 3. Fami cafe 4. Fore Sisa blm nyoba,versi sih 1 kopi kenangan 2 point coffee coffee 3 fami cafe 4 fore sisa nyoba,positive
04/2024,"Urutanku dari yang paling aku nikmatin setelah gak bisa beli sbuxs lagi. Point, fore, janji jiwa, kopi kenangan, dan salah satu kopi di cafe deket rumah yang rasanya enak banget pahitnya mantull dan gak creamy, lupa nama cafenya apa wkwkw",urutanku nikmatin gak beli sbuxs point coffee fore janji jiwa kopi kenangan salah kopi cafe deket rumah enak banget pahitnya mantull gak creamy lupa nama cafenya wkwkw,positive
04/2024,"Tuku, fore, sm kopi kenangan",tuku fore kopi kenangan,positive
04/2024,"point coffee, tomoro, kopi soe, kopken",point coffee coffee tomoro kopi soe kopi kenangan,positive
04/2024,"Point still the best for me sih, yang kedua Fore dan ketiga nya KopKen",point coffee best for me sih fore nya kopi kenangan,positive
04/2024,Kenapa ga ada yang mention Kopi Kenangan Mantan sii padahal enak bgt loh yang less sugarnya wkwk,mention kopi kenangan sii enak banget loh sugarnya wkwk,positive
04/2024,Kopken sm fore dongg jlasss,kopi kenangan fore dongg jlasss,neutral
04/2024,"Kopken, fami cafe, sm tomoro, sebenernya fore enak tp mahal jd eman eman",kopi kenangan fami cafe tomoro sebenernya fore enak mahal eman eman,positive
04/2024,Kl creamy: Tuku Arabica Fore Kl enak: Tuku Fore Kopken,creamy tuku arabica fore enak tuku fore kopi kenangan,positive
04/2024,"Fore, point sama kopken. Belum sempet nyobain tuku sama kulo",fore point coffee kopi kenangan nyobain tuku kulo,negative
04/2024,"(sebenernya nda suka pure kopi hitam.. tapi,fore & kopken yang less sugar bikin aku jadi sedikit suka kopi) punya SB juga,tapi nda di cantumkan di postingan. aku kurang suka makan/minum yang terlalu manis, tapi,entah kenapa kalo kopi pahit aku kurang suka.. weird but real..",sebenernya suka pure kopi hitam tapifore kopi kenangan gula bikin suka kopi sb jugatapi cantumkan postingan suka makanminum manis tapientah kopi pahit suka weird but real,positive
04/2024,"Tuku kopken fore, sama lokalan bandung namanya makmur jaya",tuku kopi kenangan fore lokalan bandung namanya makmur jaya,positive
04/2024,fore aku cinta foreeeeee!!!! tuku enakkkkk tomoro yg pake kintamani bean enak banget kalo yg rasanya konsisten sih kopken ya arabika agak mehong aaaaaa dompet lakiku kesyan tp gpp sekali dua kali tiga kali seterusnya wkwk,fore cinta foreeeeee tuku enakkkkk tomoro pakai kintamani bean enak banget konsisten sih kopi kenangan arabika agak mehong aaaaaa dompet lakiku kesyan apa-apa wkwk,positive
04/2024,"suka fore&kopi sanjungan&tuku, kopken janjiw fami jg enak kl tomoro trgntg menunya",suka forekopi sanjungantuku kopi kenangan janjiw fami enak tomoro tergantung menunya,positive
04/2024,"Baru nyobain kopken, janji, point, soe Sejauh ini point sama kopken sih",nyobain kopi kenangan janji point coffee soe point coffee kopi kenangan sih,positive
04/2024,lambung gua rada kampung jadi kopken sama fore,lambung rada kampung kopi kenangan fore,negative
04/2024,1.tuku 2.fore 4.kopken 5.point 6.fami cafe 7.tomoro 8.janjiw 9.kopi soe,1tuku 2fore 4kopken 5point 6fami cafe 7tomoro 8janjiw 9kopi soe,positive
04/2024,1. fore 2. kopi kenangan 3. janji jiwa,1 fore 2 kopi kenangan 3 janji jiwa,positive
04/2024,"kopken, fore, tomoro (tapi dikit bgt cepet abis)",kopi kenangan fore tomoro dikit banget cepat habis,negative
04/2024,point sama kopken sih,point coffee kopi kenangan sih,negative
04/2024,"Perkopisusuan pernahnya kulo, janji jiwa, kopken, beli kopi, sejauh itu paling cocok kulo",perkopisusuan pernahnya kulo janji jiwa kopi kenangan beli kopi cocok kulo,positive
04/2024,"Kopi Kenangan ,Fore uhhh",kopi kenangan fore uhhh,positive
04/2024,1. Tuku 2. Famima 3. Kopken,1 tuku 2 famima 3 kopi kenangan,neutral
04/2024,"Buatku urutannya tuku, kopken, fore, point, family",buatku urutannya tuku kopi kenangan fore point coffee family,positive
04/2024,Kopken sih. Tiap minggu pasti beli :3 Kalo fore belum nemu yang cocok rasa kopinya.,kopi kenangan sih beli 3 fore nemu cocok kopinya,positive
04/2024,"Kopken sama tuku ga ada, skip",kopi kenangan tuku skip,negative
04/2024,"tuku cappucino sih parraah nagih, baru nako no sugar, trs baru fore habis tu kopken",tuku cappucino sih parraah nagih nako gula fore habis tu kopi kenangan,positive
04/2024,"kopken, tomoro, point enak soalnya br nyoba itu",kopi kenangan tomoro point coffee enak nyoba,positive
04/2024,1. Tuku - kopi susu tetangga gula 5ml 2. Fore - buterscoth sea salt latte 3. Golden black 4.Janji jiwa 5.. Kopi kenangan 6. Family mart ksk 7. Arabica dibawah soalnya mahal wak,1 tuku kopi susu tetangga gula 5ml 2 fore buterscoth sea salt latte 3 golden black 4janji jiwa 5 kopi kenangan 6 family mart ksk 7 arabica dibawah mahal wak,positive
04/2024,"Urutan versi gue, semua americano. 1. Tuku 2. % 3. Nako 4. Fore — kopken — famima",urutan versi americano 1 tuku 2 3 nako 4 fore kopi kenangan famima,positive
04/2024,"kopi kenangan, fore hihiii",kopi kenangan fore hihiii,positive
04/2024,"point, tomoro, kopken, fore, janjiw.",point coffee tomoro kopi kenangan fore janjiw,neutral
04/2024,1. Kopi tuku 2. Kopi kenangan 3. Kopi fore,1 kopi tuku 2 kopi kenangan 3 kopi fore,positive
04/2024,"fore, point, kopken sama janjiw",fore point coffee kopi kenangan janjiw,neutral
04/2024,Terbaik ini asumsinya adalah pemenang atau at least top 3 di berbagai macam aspek. Kopken is the only correct answer here.,terbaik asumsinya pemenang at least top 3 aspek kopi kenangan is only correct answer here,positive
04/2024,Menurut aku yg pernah kucoba untuk Latte sejauh ini yg masih konsisten Kopi Kenangan sama Point Coffe,kucoba latte konsisten kopi kenangan point coffee coffe,positive
04/2024,Mnrt gw yaa: 1. Tuku 2. Kopken 3. Point,mnrt yaa 1 tuku 2 kopi kenangan 3 point coffee,neutral
04/2024,"Kopken mantan regular, less sugar, 3 ice cubes aja, kalo yg silinder, 2 aja es-nya.",kopi kenangan regular gula 3 ice cubes silinder 2 esnya,neutral
04/2024,Juara 1 Kopi Tuku!! Kopi calf juga endul Indomart point Kopken Fami cafe,juara 1 kopi tuku kopi calf endul indomart point coffee kopi kenangan fami cafe,positive
04/2024,kl mau kopi strong : kopi kenangan & janji jiwa kl mau kopi mild : point coffe & fore tapiiii fav aku point coffee PSL & kopi kenangan Mantan low sugar,kopi strong kopi kenangan janji jiwa kopi mild point coffee coffe fore tapiiii favorit point coffee coffee psl kopi kenangan gula,positive
04/2024,"creamy: tuku pandan: fore aren: kopken (less coffe & sugar), famima btw fore kopinya mayan kenceng wkwk tiap kesana pesen kopi sll mules pas balik, aren tomoro kureng, janjiw agak gajelas rasanya, kopken jg sm kenceng sih makanya gw prefer less coffee. Sisanya blm coba",creamy tuku pandan fore aren kopi kenangan coffe gula famima ngomong-ngomong fore kopinya mayan kenceng wkwk kesana pesen kopi mules pas aren tomoro kureng janjiw agak gajelas kopi kenangan kenceng sih prefer coffee sisanya coba,positive
04/2024,"Fore, diantara kopken, janjiw, point, fore, fami dan tomoro Karena blm pernah coba yg lain",fore kopi kenangan janjiw point coffee fore fami tomoro coba,positive
04/2024,ni aku urutin dari fav aku ya nder fore - couvee - kopken - point,urutin favorit fore couvee kopi kenangan point coffee,neutral
04/2024,1. Fore 2. Sebelas Coffe (jogja) 3. Couvee jogja 4. Kopi kenangan,1 fore 2 sebelas coffe jogja 3 couvee jogja 4 kopi kenangan,positive
04/2024,Kopken tpi no sugar. Kalau kopi minimarket sukanya famima sama alfamart (kopi susu jadoel). Promo tiap hari rabu,kopi kenangan gula kopi minimarket sukanya famima alfamart kopi susu jadoel promo rabu,positive
04/2024,1. Tuku 2. Arabica 3. Flash 4. Kopken 5. Fore 6. Tomoro 7. FM 8. Calf 9. Arah kopi,1 tuku 2 arabica 3 flash 4 kopi kenangan 5 fore 6 tomoro 7 fm 8 calf 9 arah kopi,positive
04/2024,"Versi aku : Tuku, Fore, Kopken, Tomoro, Point coffee, Janjiw",versi tuku fore kopi kenangan tomoro point coffee coffee janjiw,positive
04/2024,"Cuman pernah nyoba point, kopken, janjiw",cuman nyoba point coffee kopi kenangan janjiw,negative
04/2024,Fore coffee and kopi kenangan,fore coffee and kopi kenangan,positive
04/2024,"fore/point sih, kopken sama janjiw di aku rasanya ga masuk sisanya gaada outletnya disini",forepoint sih kopi kenangan janjiw masuk sisanya uang outletnya disini,negative
04/2024,kopi kenangan oke sih... fore jg soalnya banyak promo WKWKWK,kopi kenangan oke sih fore promo wkwkwk,positive
04/2024,my ver (kopsus gula aren) 1. arah kopi 2. tuku 3. dibawahtangga 4. kopken 5. titik koma 6. point,my ver kopsus gula aren 1 arah kopi 2 tuku 3 dibawahtangga 4 kopi kenangan 5 titik koma 6 point coffee,neutral
04/2024,Fore Point Kopi kenangan,fore point coffee kopi kenangan,positive
04/2024,"Tuku, kopken, fore, point coffee, FamilyMart, janjiwww",tuku kopi kenangan fore point coffee coffee familymart janjiwww,positive
04/2024,Kopi kenangan (light salted caramel macchiato) aman buat yg ada gerd,kopi kenangan terang salted caramel macchiato aman gerd,positive
04/2024,Tuku dan kopken,tuku kopi kenangan,positive
04/2024,"point & kopken, fore sama janjiw juga enak tapi jarang beli sih",point coffee kopi kenangan fore janjiw enak jarang beli sih,positive
04/2024,kopi susu gula aren : 1. Bangraden (Kopi Rakyat) 2. Point Coffee (Palm sugar latte) 3. Tuku (Tetangga) 4. Calf (Kopi Calf Premium) 5. Kopken (Kkm) 6. Familymart (ksk),kopi susu gula aren 1 bangraden kopi rakyat 2 point coffee coffee palm gula latte 3 tuku tetangga 4 calf kopi calf premium 5 kopi kenangan kkm 6 familymart ksk,positive
04/2024,btw arabica ga apple to apple. 1. tuku 2. fore 3. kopken 4. fm 5. nako (kopsus duren oat ls) sisanya yauda aja imo,ngomong-ngomong arabica apple to apple 1 tuku 2 fore 3 kopi kenangan 4 fm 5 nako kopsus durian oat ls sisanya yauda imo,negative
04/2024,"Menurutku: 1. Point Coffe (Coffe Latte, Kopi Saku) without sugar 2. Fore (Butterscotch, Cafe Latte, Pandan Latte) without sugar 3. Tomoro (Caffe Latte) half sugar 4. Janji Jiwa (Americano, Kopi Susu) less sugar 5. Kopi Kenangan (Kopi Kenangan Mantan) half sugar",menurutku 1 point coffee coffe coffe latte kopi saku without gula 2 fore butterscotch cafe latte pandan latte without gula 3 tomoro caffe latte half gula 4 janji jiwa americano kopi susu gula 5 kopi kenangan kopi kenangan half gula,positive
04/2024,"Kopi tukuuuuuuu >>>>>>> point, kopken, fore, baru sisanya. Belom pernah cobain arabica bikoz mehong",kopi tukuuuuuuu point coffee kopi kenangan fore sisanya cobain arabica bikoz mehong,positive
04/2024,KOPI KENANGAN,kopi kenangan,negative
04/2024,"1. Tuku / family mart (karakter nya sama) 2. Point / kopken ( versi strong nya) 3. Fore,butterscotch nya jadi pembeda Nah dah sisa nya lupa sama rasa. Teruntuk % (ntah apa nyebut nya), muahal nya ga ngotak.",1 tuku family mart karakter nya 2 point coffee kopi kenangan versi strong nya 3 forebutterscotch nya pembeda deh sisa nya lupa teruntuk ntah nyebut nya mahal nya ngotak,positive
04/2024,Eh opsi kedua KOPKEN ya maaf typo,eh opsi kopi kenangan maaf typo,negative
04/2024,"tuku, kopken, point, fore, sama kulo tp dah lama bgt ga beli kulo euy",tuku kopi kenangan point coffee fore kulo deh banget beli kulo euy,positive
04/2024,1. Tuku (kopisusu tetangga) 2. Fore (butterscotch) 3. Kopken (salted caramel),1 tuku kopisusu tetangga 2 fore butterscotch 3 kopi kenangan salted caramel,positive
04/2024,"KopKen or Kofibru, meski Kofibru cm lokal di Mgl/Sltg. Tentu saja, Sendja jg top. Haha. Janji Jiwa, oke lah, utk alternatif.",kopi kenangan or kofibru kofibru cm lokal mglsltg sendja top tertawa janji jiwa oke alternatif,positive
04/2024,Tuku masih di hati Kopi Kenangan kalo butuh size gede Janji Jiwa kalo kepengen rotinya Point Coffee kalo kepepet,tuku hati kopi kenangan butuh size gede janji jiwa rotinya point coffee coffee kepepet,positive
04/2024,"Kalo kopsus aren rank gue ini: 1) Tuku 2) Fore 3) KopKen 4) Nako Sayangnya KopKen ga punya konsistensi rasa di setiap cabang. Kalo udah masuk ke rasa non aren, Fore juara di lidah gue.",kopsus aren rank 1 tuku 2 fore 3 kopi kenangan 4 nako sayangnya kopi kenangan konsistensi cabang masuk non aren fore juara lidah,positive
04/2024,Top three : 1. TUKU 2. Fami Cafe 3. Kopi kenangan,top three 1 tuku 2 fami cafe 3 kopi kenangan,positive
04/2024,"ih gasuka kopi tapi suamiku suka tuku,fore,famima,point, kopken, apalagi ya kayanya dia pernah bilang suka forest, sama apa ya",ih gasuka kopi suamiku suka tukuforefamimapoint kopi kenangan kayaknya bilang suka forest,positive
04/2024,"1. fore (variatif kopinya tapi enak2) 2. point coffee (variatif, murah, enak!) 3. tuku (murah, basic) 4. tomoro (murah sering promo, enak) 5. kopken (strong) 6. fami (murah, oklah) 7. kulo (kopinya ok aja tp cookies & cream nya best!) 8. kopi soe 9. janjiw (b aja)",1 fore variatif kopinya enak2 2 point coffee coffee variatif murah enak 3 tuku murah basic 4 tomoro murah promo enak 5 kopi kenangan strong 6 fami murah oklah 7 kulo kopinya ok cookies cream nya best 8 kopi soe 9 janjiw b,positive
04/2024,Menurut gua kopken dan fore. Kopsus gula aren merekaa enakk balance ajaa gitu dan dari mereka punya ciri khas nyaa sendiri,kopi kenangan fore kopsus gula aren merekaa enakk balance ajaa ciri khas nyaa,positive
04/2024,"FORE sama Kopken enak!! klo soal strongnya mungkin lebih ke point coffee ku rasa(?) tapi kalau bandingin antara Fore sm Tomoro, lupa enakan yang mana soalnya baru coba Tomoro 1x jadi agak lupa rasanya tapi enak tapi lupa",fore kopi kenangan enak strongnya mungkin point coffee coffee ku bandingin fore tomoro lupa enakan coba tomoro 1x agak lupa enak lupa,positive
04/2024,"Fore, tuku, kopken, Ya ga @xlovelizzie",fore tuku kopi kenangan,neutral
04/2024,KOPI KENANGAN tuh rasanya beda dari yang lain bikin nagih. Sisanya enak juga cuman kurang ciri khas menurutku,kopi kenangan tuh beda bikin nagih sisanya enak cuman ciri khas menurutku,positive
04/2024,Urutan coffee terbaik menurut gw: 1. Kopi Tuku 2. SAGA Coffee 3. Point Coffee 4. Kedai Kopi Kulo 5. Tomoro Coffee 6. Kopi Kenangan 7. Kopi Fore,urutan coffee terbaik 1 kopi tuku 2 saga coffee 3 point coffee coffee 4 kedai kopi kulo 5 tomoro coffee 6 kopi kenangan 7 kopi fore,positive
04/2024,Enak semua! Belum pernah cobain semua sih tapi buatku masing-masing ada sisi enaknya. Nggak nemuin yang nggak enak gitu. Fore oke. Kulo oke. Tomorro oke. Point oke. Kopi Kenangan oke. Janji Jiwa oke.,enak cobain sih buatku masingmasing sisi enaknya nemuin enak fore oke kulo oke tomorro oke point coffee oke kopi kenangan oke janji jiwa oke,positive
04/2024,"TUKUUUUUUUUUUUU!!! andai tuku ada dipekanbaru selain itu ada fore, kopken, point, selebihnya beberapa coffeshop yang ada dipku",tukuuuuuuuuuuuu andai tuku dipekanbaru fore kopi kenangan point coffee selebihnya coffeshop dipku,negative
04/2024,"tuku, fore, point, kopken/janjiw",tuku fore point coffee kopkenjanjiw,neutral
04/2024,"Versi aku: 1. Tanamera—semuanya enak 2. Saudagar Kopi—Long Black, Moccha Rum Latte 3. Pison—Long Black, Iced Mocha 4. Fika—Royal Coconut 5. Kopken—Coconut Latte. Sayang dihapus 6. Tomoro—Coconut Latte 7. Kopi Soe—Es Kopi Rum 8. Point Coffee—Iced Mocha",versi 1 tanamerasemuanya enak 2 saudagar kopilong black moccha rum latte 3 pisonlong black iced mocha 4 fikaroyal coconut 5 kopkencoconut latte sayang dihapus 6 tomorococonut latte 7 kopi soees kopi rum 8 point coffee coffeeiced mocha,positive
04/2024,"Arah, kopken, tuku, fore <3",arah kopi kenangan tuku fore 3,neutral
04/2024,FORE sejauh ini paling konsisten POINT fav sblm nyoba fore. prnh dpt zonk < 3 kali FAMI enak cm yaudah JANJIW kdg ad hint aneh di minumanny KOPKEN kdg ga konsisten strong/ngga kopiny pernah nyoba bnyk tp diantara smwny paling sering minum yg 5 itu,fore konsisten point coffee favorit sblm nyoba fore bodoh 3 fami enak cm janjiw kdg hint aneh minumanny kopi kenangan kdg konsisten strongngga kopiny nyoba smwny minum 5,positive
04/2024,"Fore(takarannya pas semua ga perlu pesen less sugar), tuku(kalo ga pesen less bakal muanis bgt), kopken & janji(ini klo lagi pgn kopi yg strong).",foretakarannya pas pesen gula tukukalo pesen muanis banget kopi kenangan janjiini kopi strong,positive
04/2024,"kopi tuku, fore, kopken, point",kopi tuku fore kopi kenangan point coffee,positive
04/2024,kalo strong janjiw kopken kulo tuku. kalo yg enak fore point. yaallah kangen ngopi yaallah,strong janjiw kopi kenangan kulo tuku enak fore point coffee yaallah kangen ngopi yaallah,positive
04/2024,gua tetep kopken mantan si,tetep kopi kenangan si,negative
04/2024,"my version: kopken, tuku, arah, dan popolo(avail di bogor only)!!!!",my version kopi kenangan tuku arah popoloavail bogor only,neutral
04/2024,kasih paham warga kopken @aaleezun @cancerngamuk @pinaapplleee @asaledafon,kasih paham warga kopi kenangan,positive
04/2024,Ngopi enak di bawah 10 ribuan? Ya kopi kenangan,ngopi enak 10 ribuan kopi kenangan,positive
04/2024,tuku fore kopken point,tuku fore kopi kenangan point coffee,neutral
04/2024,"tuku, fore, kopken, famima, janjiw, nako",tuku fore kopi kenangan famima janjiw nako,neutral
04/2024,GAUSAH MENTION HRUSNYA ORANG2 TAU KOPKEN TERBAIK,gausah mention hrusnya orang2 kopi kenangan terbaik,positive
04/2024,kopi kenangan kalo lagi stres fore kalo lagi happy,kopi kenangan stres fore bahagia,negative
04/2024,kopi kenangan dan fore sihh,kopi kenangan fore sihh,positive
04/2024,Fore Kopi Kenangan (varian juwara beans),fore kopi kenangan varian juwara beans,positive
04/2024,1. tuku 2. fore 3. kopkenn 4. fami cafe 5. tomoro tuku enak tp kalo minum lamgsung bikin gemeter,1 tuku 2 fore 3 kopkenn 4 fami cafe 5 tomoro tuku enak minum lamgsung bikin gemeter,positive
04/2024,"Fore, kopken, janjiw, point",fore kopi kenangan janjiw point coffee,neutral
04/2024,"Tuku. Klo mau yg rasa rasa, fore. Tp kopken paling kureng soriii",tuku fore kopi kenangan kureng soriii,positive
04/2024,"Kopken tuh comfort bgt, klo fore enakk, aku dh nyobain tuku tp kt ku overcreamy",kopi kenangan tuh comfort banget fore enakk dh nyobain tuku ku overcreamy,positive
04/2024,"kopken, couvee sejauh ini yg pernah dicobain",kopi kenangan couvee dicobain,positive
04/2024,"Kopi kenangan (kenangan mantan), Fami cafe (dulce latte)",kopi kenangan kenangan fami cafe dulce latte,positive
04/2024,"Kopi kenangan, fami cafe, semenjak ada kopi2 ini. Njuk aku meh takon karo starbucks, heyy kowe ki ngopo e? Meh cepet sugih ra ngono carane.",kopi kenangan fami cafe semenjak kopi2 njuk meh takon karo starbucks heyy kowe ki ngopo e meh cepat sugih ra ngono carane,positive
04/2024,"Kalo yg ampuh sih tuku, dibawahtangga, kopken (kadang). Famima, point, janjiw, kulo, tomoro 50:50, kadang lbh ke susu rasa kopi",ampuh sih tuku dibawahtangga kopi kenangan kadang famima point coffee janjiw kulo tomoro 5050 kadang lbh susu kopi,positive
04/2024,"01. Kopi kenangan my favsss! semua menu kopinya gaada yang gagal <3 02. Fore, enak bgtbgt tapi harganya lbh pricey dari kopken aja wkwk 03. Point, famima – enak!! tapi famima suka ga konsisten rasanya kl beda outlet 04. Tomoro – caramel macchiatonya bezzztt <3",01 kopi kenangan my favsss menu kopinya uang gagal 3 02 fore enak bgtbgt harganya lbh pricey kopi kenangan wkwk 03 point coffee famima enak famima suka konsisten beda outlet 04 tomoro caramel macchiatonya bezzztt 3,positive
04/2024,Kopken kampret. Strong bgt bikin melek ampe subuh,kopi kenangan sialan strong banget bikin melek ampe subuh,negative
04/2024,1. Tuku 2. Fore 3. Kopi Kenangan 4. Fami 5. Tomoro,1 tuku 2 fore 3 kopi kenangan 4 fami 5 tomoro,positive
04/2024,"1. Tuku, calf, tomoro 2. Famima, janjiw, kopken, nako 3. Selain itu Fore sama % arabica blm nyoba soalnya",1 tuku calf tomoro 2 famima janjiw kopi kenangan nako 3 fore arabica nyoba,positive
04/2024,"1. Fore (Cafe Malt / Butterscotch Sea Salt, shot +1, less sweet) 2. Point (Caramel Macchiato, shot +1, less sweet) 3. Tuku (di Mdn alternatifnya Tamoe yang lebih kelat dibanding Tuku) 4. KopKen (Mantan, wajib shot +1 Jawara beans & jumbo) Yang lain gak masuk karena gak cocok.",1 fore cafe malt butterscotch sea salt shot 1 sweet 2 point coffee caramel macchiato shot 1 sweet 3 tuku mdn alternatifnya tamoe kelat dibanding tuku 4 kopi kenangan wajib shot 1 jawara beans jumbo gak masuk gak cocok,positive
04/2024,"Kulo, point, kopi kenangan, janji jiwa.. Baru segitu yg di coba",kulo point coffee kopi kenangan janji jiwa segitu coba,positive
04/2024,matcha aku suka point coffe & kopi kenangan. make sure low sugar yahhh kl americano aku blm pernah,matcha suka point coffee coffe kopi kenangan make sure gula yahhh americano,positive
04/2024,"Untuk matcha.. kopken terbaek,kedua point",matcha kopi kenangan terbaekkedua point coffee,neutral
04/2024,matchanya kopken adalah life saver,matchanya kopi kenangan life saver,neutral
04/2024,"Masuk lidahku kopken, point, fore, tomoro, nako kahluaaaa",masuk lidahku kopi kenangan point coffee fore tomoro nako kahluaaaa,positive
04/2024,"Kalau matcha kopken sama point coffe sih, kalau americano point coffe juga, tapi kalau matcha prefer less sugar",matcha kopi kenangan point coffee coffe sih americano point coffee coffe matcha prefer gula,positive
04/2024,"dulu pernah coba americano kopken itu enak, kalo janjiw masih ada ampas2nya gitu kurang suka.. kalo yang matcha baru nyoba point coffe",coba americano kopi kenangan enak janjiw ampas2nya suka matcha nyoba point coffee coffe,positive
04/2024,ada yg belom pernah nyoba kopinya sih. tp klo mau yg strongg kopken msh jadi pemenang,nyoba kopinya sih strongg kopi kenangan pemenang,positive
04/2024,Matcha? Kopken! Jangan lupa no sugar heheh Point juga enak (terutama matcha frappenya sih) Janjiw...not bad Fore harganya agak-agak di aku buat ukuran matcha,matcha kopi kenangan lupa gula heheh point coffee enak matcha frappenya sih janjiwnot bad fore harganya agakagak ukuran matcha,positive
04/2024,"bisa-bisanya gak ada kopi tuku kalo matcha, kopken sama fore enak. point coffee menurutku skrg matchanya kemanisan.. kalo americano, dari list itu aku prefer excelso sama fore",bisabisanya gak kopi tuku matcha kopi kenangan fore enak point coffee coffee menurutku matchanya kemanisan americano list prefer excelso fore,positive
04/2024,"matcha sejauh ini enakan kopken, tapii wajib less sugar",matcha enakan kopi kenangan tapii wajib gula,positive
04/2024,"Versi aku: 1. Americano : Janji Jiwa 2. Matcha : POINT COFFE is the best!!!! Kopi Kenangan, Excelso, Tomoro.",versi 1 americano janji jiwa 2 matcha point coffee coffe is best kopi kenangan excelso tomoro,positive
04/2024,"Matcha kopken sama point, kalo americano baru nyoba janjiw b aja sih",matcha kopi kenangan point coffee americano nyoba janjiw b sih,negative
04/2024,Matcha espresso kopi kenangan sih enak bgt!! Apalagi kalau less sugar,matcha espresso kopi kenangan sih enak banget gula,positive
04/2024,americano enak kopken matcha nya blm nyoba smua,americano enak kopi kenangan matcha nya nyoba smua,positive
04/2024,"matchanya kopken sama point coffee enak sih nder, kalo janjiw kurang sukaa tapi ada beberapa di pic blm pernah aku cobaa",matchanya kopi kenangan point coffee coffee enak sih janjiw sukaa pic cobaa,positive
04/2024,Americano kakakku paling suka kopken Aku pribadi gak pernah coba americano sih,americano kakakku suka kopi kenangan pribadi gak coba americano sih,positive
04/2024,menurutku paling enak tuh fore trus kopi kenangan,menurutku enak tuh fore kopi kenangan,positive
04/2024,"Kopken sih, apalagi banyak promo pake blu bca",kopi kenangan sih promo pakai blu bca,positive
04/2024,"matcha belum pernah, kalo americano: 1. fore 2. point coffee 3. soe 4. juwara beans kopken janjiw paling bawah, excelso sama kulo belom pernah nyobain americanonya",matcha americano 1 fore 2 point coffee coffee 3 soe 4 juwara beans kopi kenangan janjiw excelso kulo nyobain americanonya,positive
04/2024,"aku baru pernah nyoba kopken, janjiw, point sama kulo untuk americano paling enak punya kopken, janjiw kureeeeng bangeeeet, point okelah kalo gaada banget.",nyoba kopi kenangan janjiw point coffee kulo americano enak kopi kenangan janjiw kureeeeng bangeeeet point coffee okelah uang banget,positive
04/2024,"tuku, kopken, tomoro sayangku cintaku matahariku",tuku kopi kenangan tomoro sayangku cintaku matahariku,positive
04/2024,versi aku yaa 1. Fore Butterscoth Sea Salt Late 2. Kopi Kenangan Mantan Less sugar 3. Point Caffe (Kopi Baper) sebenernya ada satu lagi sbux secret recipes tapi saking secretnya nggatau apa aja soalnya dibeliin waktu itu:(,versi yaa 1 fore butterscoth sea salt late 2 kopi kenangan gula 3 point coffee caffe kopi baper sebenernya starbucks secret recipes saking secretnya nggatau dibeliin,positive
04/2024,"sebenernya sih ya arabica.. tapi karena harganya mahal banget jadi kurang pas disejajarkan lol maka berdasar list ini masih tuku yg paling enak.. disusul fore, point coffee, kopi kenangan yg paling kureng jelas kopi susu gula arennya janji jiwa dan kulo",sebenernya sih arabica harganya mahal banget pas disejajarkan tertawa maka berdasar list tuku enak disusul fore point coffee coffee kopi kenangan kureng kopi susu gula arennya janji jiwa kulo,positive
04/2024,Point coffee & kopi kenangan kalo lebih pilih yg kerasa kopinya,point coffee coffee kopi kenangan pilih kerasa kopinya,positive
04/2024,Gasuka kopken sm janjiw,gasuka kopi kenangan janjiw,negative
04/2024,"dr foto foto diatas, paling enak ttp kopken sm fore sih menurutku",dr foto foto diatas enak kopi kenangan fore sih menurutku,positive
04/2024,"point, kopken, janjiw",point coffee kopi kenangan janjiw,neutral
04/2024,"Lupa pernah nyoba dimana ajaa, tapi yg paling inget americanonya kopken kureng bgt dehh kaya kapal api waktu itu nyoba yg di taman ismail marzuki",lupa nyoba ajaa inget americanonya kopi kenangan kureng banget dehh kaya kapal api nyoba taman ismail marzuki,positive
04/2024,rekomendasi minuman di kopken yang paling enakkkk dong,rekomendasi minuman kopi kenangan enakkkk,positive
04/2024,kopken sih even yg normal sugar ga terlalu manis buat sweet tooth ky aq,kopi kenangan sih even normal gula manis sweet tooth,neutral
04/2024,"Fore, kopi kenangan, janji jiwa",fore kopi kenangan janji jiwa,positive
04/2024,Point sm kopken sih Tp lebih suka point nder,point coffee kopi kenangan sih suka point coffee,positive
04/2024,Janji jiwa sm kopken ga strong kak,janji jiwa kopi kenangan strong kak,negative
04/2024,1. Fore 2. Kopken 3. Point 4. Janjiwa Baru nyoba 4 itu sih sisanya belom pernah..,1 fore 2 kopi kenangan 3 point coffee 4 janjiwa nyoba 4 sih sisanya,negative
04/2024,"americano fore sama kopken enak. kalo matcha aku udh pernah nya nyoba matcha pake susu oat nya kopken, terus tomoro matcha oat latte juga enak",americano fore kopi kenangan enak matcha udah nya nyoba matcha pakai susu oat nya kopi kenangan tomoro matcha oat latte enak,positive
04/2024,KOPKEN ANJING GAK NGOTAK SHIBAL,kopi kenangan anjing gak ngotak shibal,negative
04/2024,Tuku dan kopi kenangan,tuku kopi kenangan,positive
04/2024,"americano kopken enak, murah, dan porsi gede! suka diskon juga kalo pake blu lov bgt",americano kopi kenangan enak murah porsi gede suka diskon pakai blu lov banget,positive
04/2024,"cuma pernah nyobain point, kopi kenangan, sama janji jiwa aja. dari ketiga itu aku paling suka point",nyobain point coffee kopi kenangan janji jiwa suka point coffee,positive
04/2024,"1. Tuku (Kopsu Tetangga) 2. Fore (butterscotch & irish latte) 3. Kopken (kenangan mantan, matchanya enak pol) 4. Janjiw (Kopi soklat) semuanya harus less sugar / half sugar tp tuku gaada di jogja:(",1 tuku kopsu tetangga 2 fore butterscotch irish latte 3 kopi kenangan kenangan matchanya enak pol 4 janjiw kopi soklat gula half gula tuku uang jogja,positive
04/2024,"Caramel Macchiato kopken, point coffee, sama fore saingan banget buat aku mayan lah jadi banyak pilihan tergantung bujet",caramel macchiato kopi kenangan point coffee coffee fore saingan banget mayan pilihan tergantung bujet,positive
04/2024,Kopken mantan klo versi yg botolan dijual di indomaret/alfamart itu sama ga si rasany sama yg di kafeny?,kopi kenangan versi botolan dijual indomaretalfamart si rasany kafeny,negative
04/2024,"Aku yg ga terlalu suka kopi, tp menurutku yg masih masuk itu Fore dan Kopken. ga masuk bgt janji jiwa",suka kopi menurutku masuk fore kopi kenangan masuk banget janji jiwa,negative
04/2024,Fore lebih kecil dibanding kopken sama janjiw itu pasti karena dia lebih mahal dan jarang promo. Matcha kusuka di point coffee!!! Americano gak minum.,fore kecil dibanding kopi kenangan janjiw mahal jarang promo matcha kusuka point coffee coffee americano gak minum,positive
04/2024,Matcha kopi kenangan belum ada yang ngalahin sih buatku,matcha kopi kenangan ngalahin sih buatku,positive
04/2024,"Kopken tuh enak strong kopinya kerasa, tapi juga lembut gitu ga keras, soalnya yg lain kadang bikin sesek, cocok2an si. Kemaren sempet tomoro juga lumayan deh nyaman minumnya",kopi kenangan tuh enak strong kopinya kerasa lembut keras kadang bikin sesek cocok2an si tomoro lumayan deh nyaman minumnya,positive
04/2024,Di sini janji rasa gula doang kalo mau strong opsi nya cuma kopken atau ya req extra shot,janji gula doang strong opsi nya kopi kenangan req extra shot,neutral
04/2024,Dari urutan dan listnya sama kecuali pengen coret kopken. Selalu mual ga enak abis minum kopken,urutan listnya pengen coret kopi kenangan mual enak habis minum kopi kenangan,negative
04/2024,"Fore (butterscotch sea salt latte, coconut latte) kopken (kopken mantan less sugar) point coffe (kopi nya enak tp lupa variant nya + matcha latte nya juara)",fore butterscotch sea salt latte coconut latte kopi kenangan kopi kenangan gula point coffee coffe kopi nya enak lupa variant nya matcha latte nya juara,positive
04/2024,1. Kopken 2. Tuku 3. Tommorow 4. Famili mart coffee 5. Point coffee 6. Fore 7. Kopi soe Underrated coffee di surabaya yaa XXX3 mantep banget,1 kopi kenangan 2 tuku 3 tommorow 4 famili mart coffee 5 point coffee coffee 6 fore 7 kopi soe underrated coffee surabaya yaa xxx3 mantap banget,positive
04/2024,Tuku kopi susu tetangga Kopken avocado coffee Famicafe KSK,tuku kopi susu tetangga kopi kenangan avocado coffee famicafe ksk,positive
04/2024,Top 5 under 25K 1. Tuku 2. Tomoro 3. KSK 4. Point Coffe 5. Kopi Kenangan,top 5 under 25k 1 tuku 2 tomoro 3 ksk 4 point coffee coffe 5 kopi kenangan,positive
04/2024,"1. kopi kemenangan 2. kopi kenangan 3. point coffee 4. kopi soe (kopi rum aja ehehe) 5. fore 6. tomoro, janjiw",1 kopi kemenangan 2 kopi kenangan 3 point coffee coffee 4 kopi soe kopi rum ehehe 5 fore 6 tomoro janjiw,positive
04/2024,Menurut gw dr base kopi mereka ya.. 1. Fore 2. Kopken 3. Arabica,dr base kopi 1 fore 2 kopi kenangan 3 arabica,positive
04/2024,"kopi kenangan, point, sm fore.",kopi kenangan point coffee fore,positive
04/2024,"Masih point kopi, tp americanonya kopi kenangan enak",point coffee kopi americanonya kopi kenangan enak,positive
04/2024,sbux (dah ak boikot ygy) point nako kopken fore janjiw,starbucks deh boikot ygy point coffee nako kopi kenangan fore janjiw,neutral
04/2024,Kopi kenangan & point,kopi kenangan point coffee,positive
04/2024,Kopi kenangan sm point 11 12 sih. Oke buat di repeat order,kopi kenangan point coffee 11 12 sih oke repeat order,negative
04/2024,"kopken dan jajiw mah kopinya sekedar doang, lebih strong point.",kopi kenangan jajiw mah kopinya doang strong point coffee,positive
04/2024,"Rate ak: 1. Kopken!!! enak, murah, ga pait kopina ini beneran tiap hari gw beli anjrot 2. Fore enak, ga pait kopina, tp mahal 3. Famima KSK enak dan mursida Sisanya terserah. Tp yg paling bawah janjiw hehehehehe mmf",rate 1 kopi kenangan enak murah pait kopina beneran beli anjrot 2 fore enak pait kopina mahal 3 famima ksk enak mursida sisanya terserah janjiw hehehehehe mmf,positive
04/2024,"@Kopikenangan_ID tolong kasih ak discount/gratis yhhh, ak tiap hari beli kopken mantan less sugar normal ice di sahid sudirman trims. Kadang beli greentea latte, kadang jg avocado caramel, ya suka2 ak sih?? Tp tiap hari ke kopken??",kasih discountgratis yhhh beli kopi kenangan gula normal ice sahid sudirman terima kasih kadang beli greentea latte kadang avocado caramel suka2 sih kopi kenangan,positive
04/2024,kopken (juwara beans) tuku fore (enak dia gurih) janjiw . . . . . . . . . . . . . kopi abc susu . . . . . . tomoro,kopi kenangan juwara beans tuku fore enak gurih janjiw kopi abc susu tomoro,positive
04/2024,berdasarkan yg pernah tak coba 1. Fore butterscotch 2. kopken latte oatside 3. point palm coffee 4. janji jiwa,coba 1 fore butterscotch 2 kopi kenangan latte oatside 3 point coffee palm coffee 4 janji jiwa,positive
04/2024,1. Arabica % 2. Tuku 3. Fore 4. Animo 5. Di bawah tangga 6. Famima 7. Janji Jiwa 8. Kopken 9. Point 10. Tomoro,1 arabica 2 tuku 3 fore 4 animo 5 tangga 6 famima 7 janji jiwa 8 kopi kenangan 9 point coffee 10 tomoro,positive
04/2024,yang pernah ku cobain cuma janji jiwa sama kopi kenangan,ku cobain janji jiwa kopi kenangan,positive
04/2024,"kopken, fore, tuku, point, tomoro, famima ini gue sebutin random, bukan urutan terenak. kl masalah enak/ga tergantung mood maunya beli apa.",kopi kenangan fore tuku point coffee tomoro famima sebutin random urutan terenak enakga tergantung mood maunya beli,positive
04/2024,"FORE dan POINT COFFEE JUARA, tapi yg biasa rasanya kadang masih suka beli kopi kenangan milonya dan janji jiwa yg kopi susu",fore point coffee coffee juara kadang suka beli kopi kenangan milonya janji jiwa kopi susu,positive
04/2024,"cuma kopken dan fore, klo yg lokal di palembang ada kopi agam itu enak bgtttt",kopi kenangan fore lokal palembang kopi agam enak bgtttt,positive
04/2024,emg ekspektasinya gmn? kalo mau enak ya coba brand yg lebih premium lah. menurut gue dgn harga segitu cookies kopken mayan enak,memang ekspektasinya gmn enak coba brand premium harga segitu cookies kopi kenangan mayan enak,positive
04/2024,kopken sm point sih kalo pengen yg gurih-gurih baru tuku trus kalo pengen yg biasa aja yg penting kopi itu ksk janji jiwa kalo promo 9rb tomoro kalo diskon dan deket dari rumah hehehehe,kopi kenangan point coffee sih pengen gurihgurih tuku pengen kopi ksk janji jiwa promo 9rb tomoro diskon deket rumah hehehehe,positive
04/2024,"udah nyobain janjijiwa ama kopi kenangan, tapi emang gatau kenapa enak aja javaland sayang dia ga ekspansi",nyobain janjijiwa kopi kenangan gatau enak javaland sayang ekspansi,positive
04/2024,sejauh ini kopken masih fav sih,kopi kenangan favorit sih,positive
04/2024,"Lbh suka ke kopken,kopinya berasa agak strong tp msh berasa manis juga.",lbh suka kopkenkopinya berasa agak strong berasa manis,positive
04/2024,Ihhh kopi kenangan Ama point' juga enak,ihhh kopi kenangan point coffee enak,positive
04/2024,"sumpah iyaa ko beda2 ya, aku kuat minum kopken large dan janjiw. tp pas nyoba point coffe yg frappe latte klo g slaahh, itu deg2an bgt ga bisa tidur cemas gt gakuaaat",sumpah iyaa ko beda2 kuat minum kopi kenangan large janjiw pas nyoba point coffee coffe frappe latte slaahh deg2an banget tidur cemas gakuaaat,negative
04/2024,Tuku Point coffee Djournal Kopken Fore Jco Nako bolehlah Janji jiwa juga skrg udh oke semenjak rebranding,tuku point coffee coffee djournal kopi kenangan fore jco nako janji jiwa udah oke semenjak rebranding,positive
04/2024,Ini setuju bangetttt 1. Tuku 2. Fore apalagi yang butterscoth seasalt 3. Tomoro oat latte (terbest bangetttt 1000/10) 4. Point 5. Kopken (matcha espresso 1000/10),setuju bangetttt 1 tuku 2 fore butterscoth seasalt 3 tomoro oat latte terbest bangetttt 100010 4 point coffee 5 kopi kenangan matcha espresso 100010,positive
04/2024,Seleraku 1. Tuku 2. Fore 3. Tomoro 4. Point 5. Kopken,seleraku 1 tuku 2 fore 3 tomoro 4 point coffee 5 kopi kenangan,positive
04/2024,kopken no sugar menurutku mirip bgt sm sbux,kopi kenangan gula menurutku mirip banget starbucks,positive
04/2024,"harusnya ada arah coffe juga huhu. kopi ter friendly buat lambung menurut gua tu ya point, arah sama kopken",arah coffe huhu kopi ter friendly lambung tu point coffee arah kopi kenangan,positive
04/2024,"Kopken, janjiw manis bgt kaya orang lg minum gula. Kopi nako watery. Tommorow kopi all enak tp b aja. Point enak dan strong rekomen kl males manual brew. Fore enak dan manisnya pas tp kurang strong. Kalau mah creamy tp masih enak : Sapporo Kopi konnichiwa.",kopi kenangan janjiw manis banget kaya minum gula kopi nako watery tommorow kopi all enak b point coffee enak strong rekomen males manual brew fore enak manisnya pas strong mah creamy enak sapporo kopi konnichiwa,positive
04/2024,1. Tuku 2. Kopken 3. Point 4. Fami (ku taro terakhir bcs disini gaada),1 tuku 2 kopi kenangan 3 point coffee 4 fami ku taro bcs disini uang,negative
04/2024,kopken matcha latte less sugar enak bgt gaboong,kopi kenangan matcha latte gula enak banget gaboong,positive
04/2024,"kopi kenangan agak kurang Tomoro, fore, So-so aja. (kecuali kalo rasa tertentu enak bgt) Tuku emang seeenak itu. Kalo rela ngeluarin lebih coba Commonground karna enak bgt, lattenya tanpa gula udah manis bgt Yang jelas STARRBUCK GA PERLU DIBELI LAGIIII!! Sama cobain es kopis",kopi kenangan agak tomoro fore soso enak banget tuku seeenak rela ngeluarin coba commonground enak banget lattenya gula manis banget starrbuck dibeli lagiiii cobain es kopis,positive
04/2024,"Top List Perkopian Saya tapi gak head to head sih 1. Djournal, Double Shaken Espresso (Pahitnya dapet, Rasanya) 2. Fore, Berry Manuka Americano (Pahit seger asem) 3. Kopken, Ice Americano (Enak gk boong) 4. Kopi tuku, (Kopsus terdebest) 5. Semua Kopi V60 pake biji Puntang",top list perkopian gak head to head sih 1 djournal double shaken espresso pahitnya 2 fore berry manuka americano pahit seger asam 3 kopi kenangan ice americano enak gk boong 4 kopi tuku kopsus terdebest 5 kopi v60 pakai biji puntang,positive
04/2024,"1. Tuku (Kopsus Tetangga) 2. Fore (yg Mocha-nya) 3. Kopken (Kopsus Gula Aren, Mocha-nya) 4. Point Coffee (Kopi Baper yg botolan)",1 tuku kopsus tetangga 2 fore mochanya 3 kopi kenangan kopsus gula aren mochanya 4 point coffee coffee kopi baper botolan,positive
04/2024,Versi kopisusu no sugar: Jarang2 krn mahal & ga byk ketemu tokonya tp enak bgt: 1. Filosofi kopi 2. Arabica% Sehari2: 1. Kopi kenangan (kalo lagi mau light) 2. Tuku (kalo lg mau creamy) 3. Famima & point,versi kopisusu gula jarang2 mahal ketemu tokonya enak banget 1 filosofi kopi 2 arabica sehari2 1 kopi kenangan terang 2 tuku creamy 3 famima point coffee,positive
04/2024,Fore dan Kopi kenangan,fore kopi kenangan,positive
04/2024,"kopken, fore, janjiw (krn sering diskon)",kopi kenangan fore janjiw diskon,positive
04/2024,"Pilihannya: Point Coffee, Kopi Kenangan, Tomoro Coffee",pilihannya point coffee coffee kopi kenangan tomoro coffee,positive
04/2024,tapi kopken enak jg sie......,kopi kenangan enak sie,positive
04/2024,Sejauh ini masih kopi kenangan yg cocok sama selera akuu,kopi kenangan cocok selera akuu,positive
04/2024,knp byk yg ga suka janji jiwa pdhl itu fav gueh 2nd is kopken trs fore tp fore manis sih,suka janji jiwa pdhl favorit gueh 2nd is kopi kenangan fore fore manis sih,positive
04/2024,"kopken mantan, cukup ramah kantong+lumayan strong. Tp beli lgsg gede gini agak kureng rekomen krn esnya bakalan meleleh jd tastenya turun juga. Tp kalo beli yg kecil suka kurang, mau beli dua rada boncos ye shay mending gede sekalian",kopi kenangan ramah kantonglumayan strong beli gede gini agak kureng rekomen esnya meleleh tastenya turun beli kecil suka beli rada boncos ye shay gede,positive
04/2024,kalo matcha bestnya kopken nderrr,matcha bestnya kopi kenangan nderrr,positive
04/2024,"Memang makanya aku lebih suka punyanya kopken, udah enak murah lagi",memang suka punyanya kopi kenangan enak murah,positive
04/2024,Kopken jg enak nder,kopi kenangan enak,positive
04/2024,"kopken enak kak, matcha less sugar",kopi kenangan enak kak matcha gula,positive
04/2024,Nderr cobain matchanya kopken atau tomoro sajaahh lebih mantuls,nderr cobain matchanya kopi kenangan tomoro sajaahh mantuls,positive
04/2024,Mumpung lebaran nihh mending beli kopi favorit ku nihh Kopi kenangan caffe latte,lebaran nihh beli kopi favorit ku nihh kopi kenangan caffe latte,positive
04/2024,"Perjalanan mudik jadi lebih semangat dengan Kopken botol caffe latte di tangan. Kafeinnya pas, bikin mata melek dan hati senang sepanjang jalan",perjalanan mudik semangat kopi kenangan botol caffe latte tangan kafeinnya pas bikin mata melek hati senang jalan,positive
04/2024,"Kopken botol caffe latte selalu jadi teman setia saat lelah melanda. Sebotol langsung bikin refresh, mood booster abis",kopi kenangan botol caffe latte teman setia lelah melanda sebotol bikin refresh mood booster habis,positive
04/2024,"Kemanapun pergi, Kopken botol caffe latte jadi pilihan nomor satu buat teman perjalanan. Rasanya yang autentik bikin hari makin berwarna",kemanapun pergi kopi kenangan botol caffe latte pilihan nomor teman perjalanan autentik bikin berwarna,positive
04/2024,"variasi ini emang favorit buat aku, cocok aja rasanya di aku. Btw kopken botolan udh ada dri lama sygku",variasi favorit cocok ngomong-ngomong kopi kenangan botolan udah sygku,positive
04/2024,"betul, pernah beli dan enggak rugi jg sih jajan kopken coffe latte ini menurut ak worth it bgt",beli rugi sih jajan kopi kenangan coffe latte worth it banget,positive
04/2024,"waktu itu iseng beli kopinya kopken, ternyataa enakk polll. akhirnya skrg keterusan beli",iseng beli kopinya kopi kenangan ternyataa enakk polll keterusan beli,positive
04/2024,Enak dan pastinya murah kopken terbaik dah emang,enak pastinya murah kopi kenangan terbaik deh,positive
04/2024,"Kopi kenangan kok gak malu sih pake buzzer gini, kecewa deh w",kopi kenangan gak malu sih pakai buzzer gini kecewa deh,negative
04/2024,yg komen kopken keliatan buzzer bgt gasi kata” nya PUEBI bgt,komen kopi kenangan buzzer banget gasi nya puebi banget,positive
04/2024,"kopken botolann emg enakk nder tapi masih kemanisan buat aku ueueue, aku paling suka yg botolnya pink lupa namanya",kopi kenangan botolann memang enakk kemanisan ueueue suka botolnya pink lupa namanya,positive
04/2024,Aku minum kopi kenangan tpi rasane b aja,minum kopi kenangan rasane b,positive
04/2024,tipe matcha yg rumput kak dblg pait ga juga sih. mirip am matcha kopken tp versi creamy. kalo matcha point itu manis bgttt,tipe matcha rumput kak dblg pait sih mirip am matcha kopi kenangan versi creamy matcha point coffee manis bgttt,positive
04/2024,"wkwkwkwkw setuju bgt kak. kopinya kurang bgt kalo dibandingin ama point, kopken, atau fore. terus aku kan pernah coba beli minuman non coffeenya yg berry berry gitu, imo rasanya malah kek obat batuk",wkwkwkwkw setuju banget kak kopinya banget dibandingin point coffee kopi kenangan fore kan coba beli minuman non coffeenya berry berry imo obat batuk,negative
04/2024,"makanya disini udah sepi dan kalah saing bahkan ampe ada jilid yg bangkrut, aku lebih sering ke kopken karna deket dan selalu diskon pake blu. janjie tuh kyak terlalu gosong gitu manggang biji kopi nya jdi aromanya udah gada lagi, pdhal dlu langganan beli americano di mereka",disini sepi kalah saing ampe jilid bangkrut kopi kenangan deket diskon pakai blu janjie tuh kyak gosong manggang biji kopi nya aromanya gada pdhal langganan beli americano,positive
04/2024,Matcha kopi kenangan enak bgt anjrit gue pengen minta resep bubuk matchanya andaikan bisa... Tapi rahasia perusahaan tetaplah rahasia,matcha kopi kenangan enak banget anjing pengen resep bubuk matchanya andaikan rahasia perusahaan tetaplah rahasia,positive
04/2024,"Nih, aku biasanya kan beli kopken via goput nah kemarin ngide beli langsung sambil nunggu temenku. Pas ditanya mau ukuran apa aku jawab ‘yg gede kak’ trus kakaknya nanya sekali lagi kaya mastiin gitu, aku tetep jawab ‘iya yg gede’. Abistu pas bayar kok 38k pdhl setauku cuma 26k -",kan beli kopi kenangan via goput ngide beli nunggu temenku pas ditanya ukuran jawab gede kak kakaknya kaya mastiin tetep jawab iya gede abistu pas bayar 38k pdhl setauku 26k,negative
04/2024,kangen matcha kopken woyyy nih matcha swara alam 7/10,kangen matcha kopi kenangan woyyy matcha swara alam 710,positive
04/2024,es krim kopken hampir mirip sundae mekdi versi lebih soft(?),es krim kopi kenangan hampir mirip sundae mekdi versi soft,positive
04/2024,Ice americano no sugar normal ice atau kopi kenangan mantan less sugar less ice. Aku selalu pesen itu sih nder,ice americano gula normal ice kopi kenangan gula ice pesen sih,positive
04/2024,"milk teanya tlj tapi tetep enakan thai teanya, milk tea paling enak menurutku punya kopken udah",milk teanya tlj tetep enakan thai teanya milk tea enak menurutku kopi kenangan,positive
04/2024,Kalo ke kopken selalu beli kopi kenangan mantan,kopi kenangan beli kopi kenangan,positive
04/2024,gaada di pilihan tp aku suka bgt kopken,uang pilihan suka banget kopi kenangan,positive
04/2024,"Dumdum, kopi kenangan",dumdum kopi kenangan,positive
04/2024,"Enaak, tpi menurut lidahku masih agak kemanisan. Thai tea kopken juga enak",enaak lidahku agak kemanisan thai tea kopi kenangan enak,positive
04/2024,Punya kopken sama TLJ tea nya lumayan strong,kopi kenangan tlj tea nya lumayan strong,positive
04/2024,"kopi kenangan, dumdum.",kopi kenangan dumdum,positive
04/2024,"Thai tea nya solaria enakk bgt jadi favorit acuuuu, thai tea kopken lumayan, thai teanya gacoan juga lumayan",thai tea nya solaria enakk banget favorit acuuuu thai tea kopi kenangan lumayan thai teanya gacoan lumayan,positive
04/2024,Fremilt Kopken Es teh Indonesia Gacoan Enak semuaaaa harganya manuasiawi wkwkkw,fremilt kopi kenangan es kakak perempuan indonesia gacoan enak semuaaaa harganya manuasiawi tertawa,positive
04/2024,"thai tea dumdum, solaria & kopken juga enak!",thai tea dumdum solaria kopi kenangan enak,positive
04/2024,Dunkin jg enak..boikot tp ga tuh? Hee...di Bdg paling enak di TSM di Suki Time namanya My Cha..kl menurutku krn rasanya konsisten..tiap beli pas..Kopken jg mayan masi jreng tehnyaaa,dunkin enakboikot tuh heedi bandung enak tsm suki time namanya my chakl menurutku konsistentiap beli paskopken mayan masi jreng tehnyaaa,positive
04/2024,"KAK SAMA BANGETT, i lop matcha kopken bangeet",kak bangett i lop matcha kopi kenangan bangeet,positive
04/2024,"kenangan mantan (kopken), eskopi susu jawara (eskopi)",kenangan kopi kenangan eskopi susu jawara eskopi,neutral
04/2024,"Itu butuh istirahat tapi kalo masih kuat pesen gofood bisa pesen kopken kopi kenangan mantan, biar gak pusing lagi karena inget mantan kayak dakjal",butuh istirahat kuat pesen gofood pesen kopi kenangan kopi kenangan biar gak pusing inget kayak dakjal,positive
04/2024,aku juga gt sakit kepala malah minum kopi huhu coba fore classic latte less sugar / been spot latte / kopken latte juga oke,sakit kepala minum kopi huhu coba fore classic latte gula been spot latte kopi kenangan latte oke,positive
04/2024,"enak, aku lumayan sering beli, tapi enakan kopken, krna lebih rumput kopken wkwk",enak lumayan beli enakan kopi kenangan krna rumput kopi kenangan wkwk,positive
04/2024,ini sama matcha latte nya kopken enakan yg manaaaa?,matcha latte nya kopi kenangan enakan manaaaa,positive
04/2024,menurutku dua2nya enak dan dua2nya dominan ke arah manis padahal pesan yg normal tidak ada tambahan apa pun. Kalau cari rasa matchanya kuat bgt beli matchanya kopken.,menurutku dua2nya enak dua2nya dominan arah manis pesan normal tambahan cari matchanya kuat banget beli matchanya kopi kenangan,positive
04/2024,cari kopken di rest area tol trans jawa susah bener yaaak,cari kopi kenangan rest area tol trans jawa susah benar yaaak,negative
04/2024,"enakan ini apa matcha kopken? soalnya matcha kopken menurutku enak! creamy, wangi, pahit",enakan matcha kopi kenangan matcha kopi kenangan menurutku enak creamy wangi pahit,positive
04/2024,pointttttt tapi kopken lebih endull,pointttttt kopi kenangan endull,negative
04/2024,"Tidak nder, karna rame puol selalu. Aku kalo me time suka ke kopken",ramai puol me time suka kopi kenangan,positive
04/2024,Kopken. Soalnya sepii,kopi kenangan sepii,negative
04/2024,"Jeruk, pisang, air putih Kdg bawa cracker oatmeal Kdg beli kopi/teh di kopken/point",jeruk pisang air putih kdg bawa cracker oatmeal kdg beli kopiteh kopkenpoint,positive
04/2024,"kalo lagi punya duit fore, kalo lagi kismin kopken",duit fore kismin kopi kenangan,neutral
04/2024,"Iya emang enak, yang kopken aku kurang suka, paling suka fore sbux sm indomaret point",iya enak kopi kenangan suka suka fore starbucks indomaret point coffee,positive
04/2024,matcha fore tomoro sama point emang enakkkkkk paling skip kopken,matcha fore tomoro point coffee enakkkkkk skip kopi kenangan,positive
04/2024,"Ga enak..... terlalu creamy..... Ak prefer kopken, atau tomoro sih....",enak creamy prefer kopi kenangan tomoro sih,positive
04/2024,"kayanya kalo yg suka matcha masih berasa pahitnya bakalan pilih kopken sih, krna mostly yg dibilang orang2 enak tuh lebih berasa creamynya dari pada matchanya buat gw pribadi sih kopken the best lah, krna gw lebih suka matcha yg berasa pahitnya",kayaknya suka matcha berasa pahitnya pilih kopi kenangan sih krna mostly dibilang orang2 enak tuh berasa creamynya matchanya pribadi sih kopi kenangan best krna suka matcha berasa pahitnya,positive
04/2024,"Matcha kopken emang enakkk, apalagi less sugar",matcha kopi kenangan enakkk gula,positive
04/2024,"Lebih enak matchanya kopken, klo fore terlalu creamy menurutkuu hampir gada hint pahitnya sedikitpun kecuali half sugar.",enak matchanya kopi kenangan fore creamy menurutkuu hampir gada hint pahitnya sedikitpun half gula,positive
04/2024,kopken matcha yg mana ?? aku pernah coba fore blm kopken soalnyaaa,kopi kenangan matcha coba fore kopi kenangan soalnyaaa,neutral
04/2024,"plisss enakan matcha kopkennn, dia ada pait²nya gituu kalo fore lebih berasa creamy menurutkuuu",plisss enakan matcha kopkennn paitnya gituu fore berasa creamy menurutkuuu,positive
04/2024,"makasih makasih aku sering lewat kopken mau kapan kapan coba,l",terima kasih terima kasih kopi kenangan cobal,positive
04/2024,setujuuu. matcha kopken dr semua matcha yg pernah kucoba memang paling mantapp,setujuuu matcha kopi kenangan dr matcha kucoba memang mantapp,positive
04/2024,Kopken si no sugar aja udh pas bgt. klo matcha fore kemanisan,kopi kenangan si gula udah pas banget matcha fore kemanisan,positive
04/2024,"Tomoro masih kureng sih kataku matchanya, enakan Couvee, berasa kuat gitu. Kalo kopi lebih suka kopken.",tomoro kureng sih kataku matchanya enakan couvee berasa kuat kopi suka kopi kenangan,positive
04/2024,kopken apa ya,kopi kenangan,neutral
04/2024,kopken apa kak dan beli dmna ya,kopi kenangan kak beli dmna,neutral
04/2024,"Setujuuuu, matcha kopken terbaikkk",setujuuuu matcha kopi kenangan terbaikkk,positive
04/2024,"Feel matcha justru menurut gue kurang :((( Apalagi mille crepenya 3/10 dari gw, adonannya ketebelan, creamnya (kalo ga salah) ga terlalu matcha, matchanya cuma kerasa dari bubuk di atas. Itupun yg pahit Minumannya was okay, 6/10. Masih enakan kopken",feel matcha mille crepenya 310 adonannya ketebelan creamnya salah matcha matchanya kerasa bubuk itupun pahit minumannya was okay 610 enakan kopi kenangan,positive
04/2024,"Fore ga enak matcha nya , enak kopkenn yakinn",fore enak matcha nya enak kopkenn yakinn,positive
04/2024,Matcha kopken paitt??? Kagak salah ini? Gua setiap beli manis bgt itu matcha ya allah. Tidak like it buat gua pribadi.,matcha kopi kenangan paitt salah beli manis banget matcha allah like it pribadi,negative
04/2024,"Kak, next harus coba matcha kopken less sugar, susu nya ganti oat milk, kalo ga suka oat milk pake fresh milk juga gapapa, ENAKK BANGETT",kak coba matcha kopi kenangan gula susu nya ganti oat milk suka oat milk pakai fresh milk gapapa enakk bangett,positive
04/2024,"kalo matcha fore tenggorokan aku gatel creamy bgt sama aneh aja untuk aku pribadi masih kopken sih waktu itu beli matcha di fore sama kakak trus kakak nyeletuk "" inimah chocolatos matcha di uhtin juga bisa""",matcha fore tenggorokan gatel creamy banget aneh pribadi kopi kenangan sih beli matcha fore kakak kakak nyeletuk inimah chocolatos matcha uhtin,negative
04/2024,Riil matcha kopken tu enak asli pahitnya ada bgt,riil matcha kopi kenangan tu enak asli pahitnya banget,positive
04/2024,"iyaah kannn fore agak zonk menurut gw xxi sama kopken gw blm coba sihh, lets try semoga cocok. soalnya point matchanya ga masuk di lidah gw",iyaah kannn fore agak bodoh xxi kopi kenangan coba sihh lets try semoga cocok point coffee matchanya masuk lidah,negative
04/2024,"bukan pait kak, tapi masih berasa paitnya, gw kasih tips kalo beli matcha kopken, pilihnya menu oatside matcha latte, no sugar, itu the best",pait kak berasa paitnya kasih tips beli matcha kopi kenangan pilihnya menu oatside matcha latte gula best,positive
04/2024,"oh iya menu yg sering gw beli di kopken tuh oatside matcha latte no sugar ya, itu the best sih masih bisa menikmati pahit matchanya, tapi manisnya jg balance",iya menu beli kopi kenangan tuh oatside matcha latte gula best sih menikmati pahit matchanya manisnya balance,positive
04/2024,enakan matcha nya kopken,enakan matcha nya kopi kenangan,neutral
04/2024,"Bener bgt ini, nyobain fore enak tp fore lebih creamy susu, matcha kopken masih berasa pait matcha nya lovvv. Kalo aku pesennya yg oatside matcha latte no sugar less ice",benar banget nyobain fore enak fore creamy susu matcha kopi kenangan berasa pait matcha nya lovvv pesennya oatside matcha latte gula ice,positive
04/2024,Less sugar atau no sugarr kakk karna itu kopken no sugar aja udah manisss matcha nyaaa,gula sugarr kakk kopi kenangan gula manisss matcha nyaaa,positive
04/2024,"Benerrr fore enak tp susu bangett, kopken the besttt",benerrr fore enak susu bangett kopi kenangan besttt,positive
04/2024,Kok aku tiap beli kopken ga berasa pahitnya sih Padahal tiap beli kopken selalu non sugar,beli kopi kenangan berasa pahitnya sih beli kopi kenangan non gula,negative
04/2024,Jujur buat matcha kopken kayanya emang mais bgt ya allah,jujur matcha kopi kenangan kayaknya mais banget allah,positive
04/2024,"Kopken lebih enak drpd ini menurut ku karena kopken masih ada pait2 matcha nya (the best aku oatside matcha latte no sugar less ice. Harus less sugar / no sugar ya kalo ga maniss). Kalo fore itu enak sih, tp lebih berasa creamy susunya, matcha nya ga berasa, jd kaya minum susu",kopi kenangan enak ku kopi kenangan pait2 matcha nya best oatside matcha latte gula ice gula gula maniss fore enak sih berasa creamy susunya matcha nya berasa kaya minum susu,positive
04/2024,lebih suka kopken,suka kopi kenangan,positive
04/2024,"hihii sama kak, aku pertama beli jg kurang cocok krna kemanisan, tp pas udah nemu menu yg pas malah jatuh cinta banget sama matcha kopken",hihii kak beli cocok krna kemanisan pas nemu menu pas jatuh cinta banget matcha kopi kenangan,positive
04/2024,YAKANN sama lagii kopinya malah skrg kopken gaenak (yg di gedung kantor aku),yakann lagii kopinya kopi kenangan gaenak gedung kantor,negative
04/2024,Tim kopken karna pekat matchanya agak pait2 gtu,tim kopi kenangan pekat matchanya agak pait2 gtu,positive
04/2024,"Se7, so far nyobain matcha paling enak versi affordable nya kopken karna brasa matchanya kalo versi mahal mya arabica% sama chavaty",setuju so far nyobain matcha enak versi affordable nya kopi kenangan brasa matchanya versi mahal mya arabica chavaty,positive
04/2024,MATCHA DI KOPKEN ENAK TAU COBAIN DEH TP ENANG RADA MANIS CUMA MASI KERASA KOK,matcha kopi kenangan enak cobain deh enang rada manis masi kerasa,positive
04/2024,Yes setuju :( lebih enak kopken dr ini.,yes setuju enak kopi kenangan dr,positive
04/2024,Blm coba fore tp matcha nya kopken enak klo less sugar,coba fore matcha nya kopi kenangan enak gula,positive
04/2024,Cobain matcha kopken deh,cobain matcha kopi kenangan deh,neutral
04/2024,Gaenak ini susu doanf rasanya. Masih mending kopken,gaenak susu doanf kopi kenangan,negative
04/2024,"Kata ak matcha kopken enak kok ka, biasanya ak pesen less sugar",matcha kopi kenangan enak kakak pesen gula,positive
04/2024,Setujuu bgtt nderr. Oh iya matcha nya tomoro strong bgt sh melebihi matcha kopken. Agaknya kl yg ga gtu suka matcha bakal ga suka deh wkwk,setujuu bgtt nderr iya matcha nya tomoro strong banget sh melebihi matcha kopi kenangan gtu suka matcha suka deh wkwk,positive
04/2024,"Enakkan matcha sbux, tapi boikot jadi ganti kopken aja",enakkan matcha starbucks boikot ganti kopi kenangan,negative
04/2024,Matcha kopken no sugar hot beh mantap sekaliiiii,matcha kopi kenangan gula hot beh mantap sekaliiiii,positive
04/2024,"benerrrr!! matchanya kopken enakk apalagi kalo less sugar, dia jg masih berasa tekstur bubuk matchanyaa gak sih???",benerrrr matchanya kopi kenangan enakk gula berasa tekstur bubuk matchanyaa gak sih,positive
04/2024,"belum nyoba fore tp lawson enakkk, dan baru penasaran sama kopken siii",nyoba fore lawson enakkk penasaran kopi kenangan siii,positive
04/2024,"jujur iya minusnya point tuh creamy bgt, kalo km suka yg agak pait cbain kopken kak",jujur iya minusnya point coffee tuh creamy banget suka agak pait cbain kopi kenangan kak,positive
04/2024,pls nder dri kmrin gw ngidam greentea kopken tp blom kesampaian dan tbtb lewat tl apa g nangis gw,pls kmrin ngidam greentea kopi kenangan blom kesampaian tbtb tl menangis,negative
04/2024,"point zonk kak matchanya, kopken sama tomoro menurutku enakan tomoro matcha",point coffee bodoh kak matchanya kopi kenangan tomoro menurutku enakan tomoro matcha,positive
04/2024,"ihiii ternyata tuku jugaa yaa, kukira kopken doanggg.l",ihiii tuku jugaa yaa kukira kopi kenangan doangggl,positive
04/2024,jd pengen kopken juga,pengen kopi kenangan,negative
04/2024,Eh kopken bisa kak? Tumbler nya harus tumbler kopken apa bebas kak?,eh kopi kenangan kak tumbler nya tumbler kopi kenangan bebas kak,neutral
04/2024,kopken eceran kahh? ku beli trkhir mke tumblr disc doang 2k apa brp ya,kopi kenangan eceran kahh ku beli trkhir mke tumblr diskon doang 2k,neutral
04/2024,td juga abis minum matcha latte kopken akkkkk fav bgt,habis minum matcha latte kopi kenangan akkkkk favorit banget,positive
04/2024,kalo menurutku sih enakeun kopken sama tomoro,menurutku sih enakeun kopi kenangan tomoro,positive
04/2024,Sejauh ini sih kopken sama tomoro. Ford juga enak,sih kopi kenangan tomoro ford enak,positive
04/2024,Kopken atau point,kopi kenangan point coffee,neutral
04/2024,"Kopken buat size, tomoro buat rasa yg ajaib2",kopi kenangan size tomoro ajaib2,neutral
04/2024,selalu kopi kenangan oatside less sugar,kopi kenangan oatside gula,positive
04/2024,"Ini nder, kopi kenangan hehe di belikan teman",kopi kenangan he belikan teman,positive
04/2024,kopken dan janjiwww!!!,kopi kenangan janji,positive
04/2024,Kl aku sih tomoro. Janjiw blm pernah coba. Point sm kopken gatau knp tdk begitu cocok di aku,sih tomoro janjiw coba point coffee kopi kenangan gatau cocok,negative
04/2024,"KopKen Mantan emang enak, tp ati-atiiiii nder, jangan terlalu banyak minum kopi kalau punya asam lambuuung :'(",kopi kenangan enak atiatiiiii minum kopi asam lambuuung,positive
04/2024,SAMAA aku suka bgt sm kopken mantan,samaa suka banget kopi kenangan,positive
04/2024,Underated tp thai tea kopken lebih enak drpd dumdum,underated thai tea kopi kenangan enak dumdum,positive
04/2024,"Ih kok aku nyoba beli ini kurang enak ya, warnanya juga ga sepekat ini.. apa tiap barista beda2 bikinannya kalo kopken udah paling bener matcha latte sama kenangan mantan aja",ih nyoba beli enak warnanya sepekat barista beda2 bikinannya kopi kenangan benar matcha latte kenangan,negative
04/2024,"Bener ko, racikan tiap barista beda2. Aku sering beli kopken beda cabang, buat si thai tea ini emg brubah2, kdg dpt yg enak, kdg dpt yg keenceran dan ttp kemanisan, explore trus aja kopken di kotamu",benar ko racikan barista beda2 beli kopi kenangan beda cabang si thai tea memang brubah2 kdg enak kdg keenceran kemanisan explore kopi kenangan kotamu,positive
04/2024,Adih nyesel banget gue kagak mampir kopken td,adih nyesel banget mampir kopi kenangan,negative
04/2024,Kopken emg ga ada yg ga enak,kopi kenangan memang enak,positive
04/2024,GEDE BANGET. tp aku kurang suka thai tea nya kopken. coba punya jco deh enak,gede banget suka thai tea nya kopi kenangan coba jco deh enak,positive
04/2024,"Blm pernah coba, pengen nyoba deh kapan2 kalo ke kopken lg",coba pengen nyoba deh kapan2 kopi kenangan,positive
04/2024,"Emang enaaaakkk aku kalo ke kopken selain kopi mantan, thaitea sm kopi teh",enaaaakkk kopi kenangan kopi thaitea kopi kakak perempuan,positive
04/2024,Kopken emang enak sih kalo sama aku pas semua menunya,kopi kenangan enak sih pas menunya,positive
04/2024,"Minus nya kopken emang ini sih, rasa tiap store suka beda",minus nya kopi kenangan sih store suka beda,positive
04/2024,btul emg enak bget Thai tea kopken,btul memang enak bget thai tea kopi kenangan,positive
04/2024,EMANG ENAKK BGTTT THAI TEA DAN THAI GREEN TEANYA KOPKEN TUHH,enakk bgttt thai tea thai green teanya kopi kenangan tuhh,positive
04/2024,coba app kopken nyaa,coba app kopi kenangan nyaa,neutral
04/2024,Aku kemarin beli thai te nya kopken no sugar malah. Enak aja kok. Gak hambar,beli thai te nya kopi kenangan gula enak gak hambar,positive
04/2024,@makanajaenak demi apa ada thaitea cuyyyy dahal di kopken gada su,thaitea cuyyyy dahal kopi kenangan gada su,positive
04/2024,sebelum baca kopken aku kira ini jamu kunyit,baca kopi kenangan kira jamu kunyit,neutral
04/2024,Okeee kapan2 aku harus coba thai tea-nya. Beberapa kali beli milk tea kopken gak ada yg enak,okeee kapan2 coba thai teanya beli milk tea kopi kenangan gak enak,positive
04/2024,@nominmp ada voucher ini kopken?? aku selera bgtt,voucher kopi kenangan selera bgtt,neutral
04/2024,Jco kak thai tea kopken kureng menurutku,jco kak thai tea kopi kenangan kureng menurutku,positive
04/2024,enak kah? kalau ke kopken gapernah tertarik beli thai teanya. padahal ya aku lumayan suka thai tea,enak kopi kenangan gapernah tertarik beli thai teanya lumayan suka thai tea,positive
04/2024,wih kopken ada thai tea… coba ahhh,wih kopi kenangan thai tea coba ahhh,positive
04/2024,"Betullll emang adiktif bgt ni thaitea kopken bulan ini 2x pesen, aku pesen less sugar large normal ice aja masih endul bgt",betullll adiktif banget thaitea kopi kenangan 2x pesen pesen gula large normal ice endul banget,positive
04/2024,Sejauh ini yg paling di suka di kopken itu matcha nya. Bolehh nih di coba thai tea nya,suka kopi kenangan matcha nya bolehh coba thai tea nya,positive
04/2024,Emang enak thai tea nya kopken best,enak thai tea nya kopi kenangan best,positive
04/2024,Setuju buangeeett americano dia doang yg kureengg. Sama wifi sih hampir smua outlet kopken gada wifi nya tpi menunya enak2 smua,setuju buangeeett americano doang kureengg wifi sih hampir smua outlet kopi kenangan gada wifi nya menunya enak2 smua,positive
04/2024,Varian matcha apa yg paling enak di kopken? Pengen bgt cobain sebenernya kegiur pas ke outlet chigo ada kopken,varian matcha enak kopi kenangan pengen banget cobain sebenernya kegiur pas outlet chigo kopi kenangan,positive
04/2024,"Iyaa enak bgt emang nder. Aku kalo pesen kopken, selalu pesen thaitea buat anakku.",iyaa enak banget pesen kopi kenangan pesen thaitea anakku,positive
04/2024,kopken emg gada lawan. klo less sugar pun dia bnr bnr definisi 'less',kopi kenangan memang gada lawan gula bnr bnr definisi,negative
04/2024,ihhh sama nder aku abis beli kopken sekalian buat stok besok dan lusa,ihhh habis beli kopi kenangan stok besok lusa,neutral
04/2024,"Betuuul, selain thaiteanya dum2, jco, thaiteanya kopken juga enakkk",betuuul thaiteanya dum2 jco thaiteanya kopi kenangan enakkk,positive
04/2024,Selalu beli ini kalo ke kopken emang mantaapp,beli kopi kenangan mantaapp,positive
04/2024,"EH IYA LAGI!!! Thai tea nya kopken emg enakkkk, selain kopken thai tea yg enak jg punya dumdum",eh iya thai tea nya kopi kenangan memang enakkkk kopi kenangan thai tea enak dumdum,positive
04/2024,Kopken emang enak semua sihh,kopi kenangan enak sihh,positive
04/2024,menurut aku punya kopken b ajaa,kopi kenangan b ajaa,positive
04/2024,"EH AKU BARU TAUUU, PADAHAL BARU DARI KOPKEN TADI",eh tauuu kopi kenangan,negative
04/2024,Tp sayangnya kopken kadang tidak konsisten euy bahkan kenangan mantan aja di 1 outlet yg sama kadang enak kadang engga,sayangnya kopi kenangan kadang konsisten euy kenangan 1 outlet kadang enak kadang engga,negative
04/2024,kopken semua enak,kopi kenangan enak,positive
04/2024,setelah jco yg tiada dua mari kita coba kopken,jco tiada mari coba kopi kenangan,neutral
04/2024,@16092511s anjrot kopken punya Thai tea?,anjrot kopi kenangan thai tea,neutral
04/2024,Kopi kenangan mantan menu paling basic nya aja enak banget plssss,kopi kenangan menu basic nya enak banget plssss,positive
04/2024,"Kopken thai tea nya enak tergantung mood baristanya beda outlet beda rasa, beli di outlet yg sama rasanya tergantung mood baristanya hari itu",kopi kenangan thai tea nya enak tergantung mood baristanya beda outlet beda beli outlet tergantung mood baristanya,positive
04/2024,Matcha latte kopken juga enak banget,matcha latte kopi kenangan enak banget,positive
04/2024,"menu kopken itu rata-rata enak sih, kalau yg kemanisan tinggal less/no sugar dah pasti tetep enak",menu kopi kenangan ratarata enak sih kemanisan lessno gula deh tetep enak,positive
04/2024,Kapan kopken buka di daerah ku,kopi kenangan buka daerah ku,neutral
04/2024,"Pernah cobain kopken yg kenangan mantan dan ngerasa kalo kureng aja gitu, tapi karena masih penasaran aku coba beli lagi cobain yg hazelnut latte ternyata gaada rasa2 hazelnutnya kek pemanisnya kenceng bgt bjir sampe langsung sariawan abis minum tu kopken :)",cobain kopi kenangan kenangan ngerasa kureng penasaran coba beli cobain hazelnut latte uang rasa2 hazelnutnya pemanisnya kenceng banget bjir sariawan habis minum tu kopi kenangan,positive
04/2024,enakan thai tea kopken dari pada chatime,enakan thai tea kopi kenangan chatime,neutral
04/2024,kopken enak semua kayanyaaa,kopi kenangan enak kayanyaaa,positive
04/2024,"kopken tuh enak semua, rasanya pekat gitu next time mo nyoba deh",kopi kenangan tuh enak pekat time nyoba deh,positive
04/2024,Kopken ada yg segede ini woy?,kopi kenangan segede woy,negative
04/2024,Kangen bgt sama kopken ya Tuhan,kangen banget kopi kenangan tuhan,positive
04/2024,"aku kurang suka brand sebelah yg khas thai tea nya.. karna encer bgt:"") untung kopken punya thai tea enakkk mirip yg di thai kental gituu paling minta less sugar kalo mau berasa bgt paitnyaa, tp kalo normal sugar juga gak semanis itu kok menurut ku",suka brand sebelah khas thai tea nya encer banget untung kopi kenangan thai tea enakkk mirip thai kental gituu gula berasa banget paitnyaa normal gula gak semanis ku,positive
04/2024,IYAAA PUNYA KOPKEN ENAKK BANGETTTT!!!,iyaaa kopi kenangan enakk bangetttt,positive
04/2024,"Thai tea kopken emg juaraaaa gue sll pesen less ice less sugar matcha latte jg enak, again less ice sugar Ini sender ukuran jumbo ya wkwkwk",thai tea kopi kenangan memang juaraaaa pesen ice gula matcha latte enak again ice gula sender ukuran jumbo wkwkwk,positive
04/2024,kopken emang semuanya enakkkkk,kopi kenangan enakkkkk,positive
04/2024,di sby ada lo kak hampir di semua kopken masuk ke yang teman kenangan trus usernya kopikenangan pw nya kenanganterindahmantan kalau ngga salah,sby kak hampir kopi kenangan masuk teman kenangan usernya kopikenangan posisi nyaman nya kenanganterindahmantan salah,positive
04/2024,Sejak kapan di kopken ada thai tea????,kopi kenangan thai tea,neutral
04/2024,Baik akan ku coba karna aku pecinta kopken,ku coba pecinta kopi kenangan,positive
04/2024,"Jadi pingin coba deh thai tea kopken. Tapi kalo buat kopinya BIG NO yaa, menurut seleraku",pingin coba deh thai tea kopi kenangan kopinya big yaa seleraku,negative
04/2024,Kopken emang enak thaiteanya parahhh,kopi kenangan enak thaiteanya parahhh,positive
04/2024,Kopken mah semuanya enak,kopi kenangan mah enak,positive
04/2024,"kopken emang menunya enak2 jujur,even matchanya pun enak bgt",kopi kenangan menunya enak2 jujureven matchanya enak banget,positive
04/2024,Aku sama teman bulan 1 kmrin pesan iced Thailand tea kopken (normal sugar sih) tpi menurutku manis banget bjir lebih terasa susunya daripada teh nya,teman 1 kmrin pesan iced thailand tea kopi kenangan normal gula sih menurutku manis banget bjir susunya kakak perempuan nya,positive
04/2024,"Beneeeer! Enaaak beud. Dumdum, haus, kopken. Thai tea nya juaraak! Kalo suka matcha juga, jgn lupa nyobain oat matcha latte nya kopken dan tomoro. Tomoro sih lebih juaraaak!",beneeeer enaaak banget dumdum haus kopi kenangan thai tea nya juaraak suka matcha lupa nyobain oat matcha latte nya kopi kenangan tomoro tomoro sih juaraaak,positive
04/2024,Favorit wa kalo di kopken,favorit wa kopi kenangan,positive
04/2024,Tp thai teanya kopken emng enak siii,thai teanya kopi kenangan memang enak siii,positive
04/2024,kopken enak semua siiiih,kopi kenangan enak siiiih,positive
04/2024,americano kopken enak bgt,americano kopi kenangan enak banget,positive
04/2024,greenteaaa nya jg enakkkk coyy punya kopken,greenteaaa nya enakkkk coyy kopi kenangan,positive
04/2024,kopi kenangan minum an nya enak enak,kopi kenangan minum an nya enak enak,positive
04/2024,"setuju bngt, kopken always enak mnurutku.",setuju banget kopi kenangan always enak mnurutku,positive
04/2024,"Asliii, suka bgt thai tea kopken. Sampe pernah nyetok pas lagi promo, beli 2 tapi satunya gak pake ice, kalo gak beli jumbo gak pake ice, biar bisa diminum berkali² wkwk",asliii suka banget thai tea kopi kenangan nyetok pas promo beli 2 satunya gak pakai ice gak beli jumbo gak pakai ice biar diminum berkali wkwk,positive
04/2024,Kalau beli thai tea kopken kadang ENAAAKKK bgt kadang rasanya kayak full minum susu kental manis gak konsisten tiap outlet,beli thai tea kopi kenangan kadang enaaakkk banget kadang kayak full minum susu kental manis gak konsisten outlet,negative
04/2024,"thai tea kopken emng enakk n seger bgtt rasanyaa, apalagi yg beli 1L tu mantep bgt meski kemanisan menurut ak wkwk",thai tea kopi kenangan memang enakk seger bgtt rasanyaa beli 1l tu mantap banget kemanisan wkwk,positive
04/2024,Ini enak dan termasuk murah untuk ukuran segitu. Selalu minta less sugar karna di kopken selalu kemanisan,enak murah ukuran segitu gula kopi kenangan kemanisan,positive
04/2024,"yakaaaann, thai tea kopken emng enak bgt anjr",yakaaaann thai tea kopi kenangan memang enak banget anjr,positive
04/2024,beli kopken nanti keknya enak nih @crliaax,beli kopi kenangan kayaknya enak,positive
04/2024,Setuju! Thai tea nya kopken mantap is the best menurut aqoh,setuju thai tea nya kopi kenangan mantap is best aqoh,positive
04/2024,"SETUJU SIHH, KOPKEN TUH EMG JUARA DIHATIQUUU",setuju sihh kopi kenangan tuh memang juara dihatiquuu,negative
04/2024,"kalo gabeli kopi di kopken pasti pilihnya inii, atau yg green thai tea nya juga enakk",gabeli kopi kopi kenangan pilihnya inii green thai tea nya enakk,positive
04/2024,Kopken green thai tea nya jg mirip dumd*m,kopi kenangan green thai tea nya mirip dumdm,positive
04/2024,thai tea nya kopken emang enak aseli,thai tea nya kopi kenangan enak aseli,positive
04/2024,"thaitea kopken emang seenak itu anjirr, udah paling bener beli seliter",thaitea kopi kenangan seenak anjirr benar beli seliter,positive
04/2024,Di Solo ada kopken gak?,solo kopi kenangan gak,neutral
04/2024,"Bener, aku udah 3x nyoba thai tea kopken beda store tetep aneh rasanya, amis",benar 3x nyoba thai tea kopi kenangan beda store tetep aneh amis,negative
04/2024,"abis wkwkwk (kalo kopken jumbo selalu pesen kopi dolce less sugar) tp kalo varian lain belum pernah coba ya... soalnya dolce less sugar cenderung ga manis sih, ms ada pait paitnya wkwk tp kalo thai tea kayanya gabakal abis deh keburu enek buset",habis wkwkwk kopi kenangan jumbo pesen kopi dolce gula varian coba dolce gula cenderung manis sih ms pait paitnya wkwk thai tea kayaknya gabakal habis deh terlanjur enek buset,positive
04/2024,kenapa baru lewat sekarang woy di rumah ga ada kopken,woy rumah kopi kenangan,negative
04/2024,jadi pengen ke kopken,pengen kopi kenangan,positive
04/2024,kopken emng enak2,kopi kenangan memang enak2,positive
04/2024,Kopken ga pernah salah,kopi kenangan salah,positive
04/2024,"RILLLL, THAI TEA KOPI KENANGAN EMANG ENAK BANGETTTR",rillll thai tea kopi kenangan enak bangetttr,negative
04/2024,ihh itu kopken mana kakk soalnya aku seringnya ke yang sby selatan dan ada terus,ihh kopi kenangan kakk sby selatan,positive
04/2024,"Demi initu ga enakaku coba Thai tea kopken yg di superindo karena keracunan base jg, asli rasanya ga karuankynya karena aku nya lagi apes aja dapet barista yg kurang bisa buatnya",initu enakaku coba thai tea kopi kenangan superindo keracunan base asli karuankynya nya sial barista buatnya,negative
04/2024,"Eh ini beneran enak lohh. Pas bgt waktu itu fomo mau minum thaitea thailand legend gr2 liat postingan influencer, melipirlah ke kopken. Walah ternyata thai tea kopken ga kalah enaak",eh beneran enak lohh pas banget fomo minum thaitea thailand legend gr2 lihat postingan influencer melipirlah kopi kenangan walah thai tea kopi kenangan kalah enaak,positive
04/2024,Kopken terbaek sihh,kopi kenangan terbaek sihh,positive
04/2024,emg enaakk thai tea nya kopken tuh,memang enaakk thai tea nya kopi kenangan tuh,positive
04/2024,"memang 100000!!!! thai tea nya kopken seenak itu, beli yang jumbo aja ngerasa kurang wkwkwk",memang 100000 thai tea nya kopi kenangan seenak beli jumbo ngerasa wkwkwk,positive
04/2024,Kopken deket dunkin donat yg deketnya lp3i ituu,kopi kenangan deket dunkin donat deketnya lp3i ituu,neutral
04/2024,"Boleh, next kalo bosen kopi kopken yahh",bosen kopi kopi kenangan yahh,neutral
04/2024,"Pucet gitu, mending matcha kopken",pucet matcha kopi kenangan,negative
04/2024,EMANG SEENAK ITU PLIS CINTAKU I LOVE YOU MATCHA KOPKEN,seenak plis cintaku i love you matcha kopi kenangan,positive
04/2024,Enakan point coffee sih nder apalagi req no sugar . Kalau kopken tetep kemanisan meski req less sugar mana mirip thai Green tea,enakan point coffee coffee sih req gula kopi kenangan tetep kemanisan req gula mirip thai green tea,positive
04/2024,Aku suka bgt dr hrgnya sama kaya kopi reguler smpe skrng kaya hrg kopken yg large,suka banget dr hrgnya kaya kopi reguler smpe skrng kaya hrg kopi kenangan large,positive
04/2024,Gua sempet bilang ini gaenak karena pas pertama kali nyoba tuh emang gaenak. Trs w nyoba lagi tapi pake oat dan yessss memang seenak itu tapi tetep enakan tomoro sih; best!! Yg kopken bagi w rada kemanisan tapi better dibanding point,bilang gaenak pas nyoba tuh gaenak nyoba pakai oat yessss memang seenak tetep enakan tomoro sih best kopi kenangan rada kemanisan better dibanding point coffee,positive
04/2024,Enak kopken jauhhhhhhh,enak kopi kenangan jauhhhhhhh,negative
04/2024,"Lebih suka matcha espressonya, tapi beneran matchanya kopken tipe yang pait gitu kaan jadi aku suka bangettt",suka matcha espressonya beneran matchanya kopi kenangan tipe pait kaan suka bangettt,positive
04/2024,Kopken udah bungkus dari kota ku,kopi kenangan bungkus kota ku,neutral
04/2024,iyaa kah? belom pernah cobain kopken,iyaa cobain kopi kenangan,negative
04/2024,"yg bilang matcha kopken enak, fiks kita matcha addict",bilang matcha kopi kenangan enak fiks matcha addict,positive
04/2024,"merek denali yang varian matcha greentea, rasanya persis banget kek kopken ini no tipu tipu ini linknya kalo mau https://shope.ee/7Uu10c4eKI",merek denali varian matcha greentea persis banget kopi kenangan tipu tipu linknya,positive
04/2024,"feel matcha kentel waktu coba pasitu kemanisan, tapi punya temen malah pait bgt entahla sesuai mood barista dah dan pasitu dateng waktu grand opening. kopken enakk dahh ga encer, ada paitnya, murmer jg",feel matcha kentel coba pasitu kemanisan teman pait banget entahla mood barista deh pasitu dateng grand opening kopi kenangan enakk dahh encer paitnya murmer,positive
04/2024,"Nderr, aku baru menyadari... jadi kan awalnya emang aku sukaa bgt sama matcha latte kopken. Tapi sejak aku mengenal matcha latte dari couvee, aku langsung sukaaa bgtt dan kemaren aku nyoba kopken lagi jdi kureeng tapi baiklah akan aku coba lagi di outlet biasanya aku beli",nderr menyadari kan sukaa banget matcha latte kopi kenangan mengenal matcha latte couvee sukaaa bgtt nyoba kopi kenangan kureeng baiklah coba outlet beli,positive
04/2024,"sebenernya matcha dari merek yg diboikot itu yg enak opsi lain djournal cofee, kopken enak jg pake yg fresh milk jangan oatside",sebenernya matcha merek diboikot enak opsi djournal cofee kopi kenangan enak pakai fresh milk oatside,positive
04/2024,Mnrt aku ini pait kak. Aku jg tipe yg suka matcha manis (bismillah ga dihujat) tp ini si kopken pait jadi aku kurang suka sih:(,mnrt pait kak tipe suka matcha manis bismillah dihujat si kopi kenangan pait suka sih,negative
04/2024,aduh gue nyoba banyak varian kopken kenapa ga masuk di gue ya,aduh nyoba varian kopi kenangan masuk,negative
04/2024,"setuju. udah coba fore, point coffee, tomoro, tp menurutku matcha kopken yg paling enak",setuju coba fore point coffee coffee tomoro menurutku matcha kopi kenangan enak,positive
04/2024,RILL SEMUA ORANG HARUS TAU MATCHA LATTE KOPKEN,rill matcha latte kopi kenangan,negative
04/2024,"Mjb, iya point coffee cm bisa upsize aja gak smpe jumbo. Cm klo opiniku ttp lebih enak point coffee sih ya mungkin kembali ke selera masing2 ya. Terlebih di tmptku gak ada gerai kopken jd klo mw harus coba beli ke Bogor makanya lbh srg beli di point coffee.",mjb iya point coffee coffee cm upsize gak smpe jumbo cm opiniku enak point coffee coffee sih mungkin selera masing2 tmptku gak gerai kopi kenangan now watching coba beli bogor lbh srg beli point coffee coffee,positive
04/2024,"Ade gua yg pecinta matcha 2 org suka bgt sma matcha latte kopken, tipsnya kalo beli no sugar nder hahaha",ade pecinta matcha 2 org suka banget matcha latte kopi kenangan tipsnya beli gula hahaha,positive
04/2024,kopken mahal g sih,kopi kenangan mahal sih,negative
04/2024,"Gaa suka, sebagai pecinta matcha di kopken ga banget rasanya.",gaa suka pecinta matcha kopi kenangan banget,positive
04/2024,"PLIS LUPA COBAA, dahal 2 hari ke belakang order kopken muluu. Kita coba nantiii",plis lupa cobaa dahal 2 belakang order kopi kenangan muluu coba nantiii,negative
04/2024,"Masih enakan kopken menurut gua, kalo point udah nggak pake gula masih manis. Terus point juga kurang pait menurut gua",enakan kopi kenangan point coffee pakai gula manis point coffee pait,negative
04/2024,"mjb, kak matchanya rasanya hampir sama kaya matcha point coffee/kopken ga??",mjb kak matchanya hampir kaya matcha point coffee coffeekopken,neutral
04/2024,Matcha dan thai tea nya kopken selalu juara but sy yg tidak bisa minum kopi,matcha thai tea nya kopi kenangan juara but minum kopi,positive
04/2024,mau ke kopken kpn2 @syalaww,kopi kenangan kpn2,neutral
04/2024,Kopken emang enak-enak nder,kopi kenangan enakenak,positive
04/2024,kopken best dehh teh blewah nya aja enak seger mana murah,kopi kenangan best dehh kakak perempuan blewah nya enak seger murah,positive
04/2024,Dri kmrn kopken muncul mulu @rynhannaa,kopi kenangan muncul melulu,negative
04/2024,I cant relate sama minuman apapun itu dr kopken,i cant relate minuman apapun dr kopi kenangan,positive
04/2024,Tiap minggu tidak ketinggalan ngematcha kopken,ketinggalan ngematcha kopi kenangan,positive
04/2024,"Gue belom pernah nyoba weh, kmren diracunin Thai tea kopken skrng matchanya tapi kopken dket rumah gue pada ttup semua gerai nya. Hiks",nyoba weh kmren diracunin thai tea kopi kenangan skrng matchanya kopi kenangan rumah ttup gerai nya hiks,negative
04/2024,OH IYA!! makasii akhirnya aku beli kopken wkwk,iya makasii beli kopi kenangan wkwk,negative
04/2024,Tapi kopken dah kurang juga lagii,kopi kenangan deh lagii,negative
04/2024,Kopken dan indo point menurutku lbh enak dari pada merk ini,kopi kenangan indo point coffee menurutku lbh enak merk,positive
04/2024,"bjir matcha kopken rasa daun, aku picky soal matcha, beda station beda rasa, pernah nemu yg enak matcha domu tapi udah gada disini",bjir matcha kopi kenangan daun picky matcha beda station beda nemu enak matcha domu gada disini,positive
04/2024,"biasa pesen kopken no sugar, mash bisa diterima dilidah",pesen kopi kenangan gula mash diterima dilidah,positive
04/2024,"Iya aku beli matchanya kopken udah no sugar aja masih manis, knp ya",iya beli matchanya kopi kenangan gula manis,negative
04/2024,dimana ada kopken di parepare ku tanya,kopi kenangan parepare ku,neutral
05/2024,Kenapa tiap Kali gua beli kopken selalu kaya kobokan rasanya alias kebanyakan aer?,beli kopi kenangan kaya kobokan alias kebanyakan aer,positive
05/2024,Gue tiap ke kopken pesennya earl grey milk tea si wkwk,kopi kenangan pesennya earl grey milk tea si wkwk,positive
05/2024,kamu dom palembang yaaa? kek di kopken deket rumah akuu wkwk,dom palembang yaaa kopi kenangan deket rumah akuu wkwk,neutral
05/2024,Point coffe mah jauh sama kopken mana enak semua menunya,point coffee coffe mah kopi kenangan enak menunya,positive
05/2024,oatside matcha kopken paling enak sedunia pokoknya,oatside matcha kopi kenangan enak sedunia pokoknya,positive
05/2024,matcha latte kopken ENAK BGT MENURUT W,matcha latte kopi kenangan enak banget,positive
05/2024,aku klo ke kopken always pesen milo dinosaurusnya ga bgitu manis..kyanya ada campuran dark chocolate nya dehh(?) pkonya enakk ga bkin eneg. Apalagi slama hamil emg aku dilarang buat minum minuman yg ngandung kafein,kopi kenangan always pesen milo dinosaurusnya bgitu maniskyanya campuran dark chocolate nya dehh pkonya enakk bkin eneg slama hamil memang dilarang minum minuman ngandung kafein,positive
05/2024,OH MAAPPPP KUKIRA ANY MENU OF KOPKEN,maapppp kukira any menu of kopi kenangan,neutral
05/2024,"OATSIDE MATCHA LATTEEEEEEEESMSSBSJJSJS LESS SUGARRRRRR kl km suka matcha pasti suka si sama matchanya kopken. milo dinonya standar seperti pada umumnya, dutch choco lumayan enak tp harus less sugar biar berasa cokelatnya. sama thai tea kopken kamu harus coba, less sugar ya",oatside matcha latteeeeeeeesmssbsjjsjs sugarrrrrr suka matcha suka si matchanya kopi kenangan milo dinonya standar dutch choco lumayan enak gula biar berasa cokelatnya thai tea kopi kenangan coba gula,positive
05/2024,thai tea kopken enak bgt,thai tea kopi kenangan enak banget,positive
05/2024,"dua ini, kopi shop di Banyuwangi - kopi KTP - beresan kopi kalau lokal Indonesia seringnya kopi kenangan sama point coffee",kopi shop banyuwangi kopi ktp beresan kopi lokal indonesia kopi kenangan point coffee coffee,positive
05/2024,thaiteanya kopken katanya enak nderr aku blm nyoba mau nyoba tp magerr bngt mau ke kopken pdhl deket bngt sm rmh apa kantor,thaiteanya kopi kenangan enak nderr nyoba nyoba magerr banget kopi kenangan pdhl deket banget rumah kantor,positive
05/2024,"Samaaaa, kopi kenangan mantan sama matcha latte dah paling bener",samaaaa kopi kenangan matcha latte deh benar,positive
05/2024,"karena yang baru ada di kota w ini doang : kopi kenangan, point coffee tapi kl ada nambah tuku",kota doang kopi kenangan point coffee coffee nambah tuku,positive
05/2024,"fore, point, kopken (yg ada di domku)",fore point coffee kopi kenangan domku,neutral
05/2024,"Kopken, fore, point coffee Blm pernah nyoba tuku",kopi kenangan fore point coffee coffee nyoba tuku,positive
05/2024,"kopken, tuku, point",kopi kenangan tuku point coffee,neutral
05/2024,"tuku, point/fore, kopken (tergantung lagi mood yg lebih strong ato manis)",tuku pointfore kopi kenangan tergantung mood strong manis,positive
05/2024,"nako,kopken,point coffee pengen nyobain tuku",nakokopkenpoint coffee pengen nyobain tuku,positive
05/2024,"Arah coffee, kopi kenangan, point coffee / maxx coffee",arah coffee kopi kenangan point coffee coffee maxx coffee,positive
05/2024,"Point, fore, kopken Emang karena dekat rumah aja sih",point coffee fore kopi kenangan rumah sih,positive
05/2024,1. kopi kenangan 2. point 3. fore,1 kopi kenangan 2 point coffee 3 fore,positive
05/2024,"Point coffee, kopken, max corner (pernah ditraktir temen ternyata enaq wkwk)",point coffee coffee kopi kenangan max corner ditraktir teman enaq wkwk,positive
05/2024,Kopken ajadeh. Sayang bgt jogja blm ada tuku,kopi kenangan ajadeh sayang banget jogja tuku,positive
05/2024,"point coffee, calf, kopken btw nder cobain calf deh, asli enak bgt creamy total 15k lebih creamy dari tuku",point coffee coffee calf kopi kenangan ngomong-ngomong cobain calf deh asli enak banget creamy total 15k creamy tuku,positive
05/2024,masih kopken,kopi kenangan,positive
05/2024,"fore, kopken, point (blm nyoba tuku)",fore kopi kenangan point coffee nyoba tuku,neutral
05/2024,"tuku, kopken, point",tuku kopi kenangan point coffee,neutral
05/2024,"Fore, pointcoffee, kopken.. Baru itu aja sih Belum tau yg lain Karna belum nyoba",fore pointcoffee kopi kenangan sih nyoba,negative
05/2024,"Kopken, point, fore. Tp beli yg non kopi sih hehe",kopi kenangan point coffee fore beli non kopi sih he,positive
05/2024,"Tuku, calf, kopken",tuku calf kopi kenangan,neutral
05/2024,"Point Cafe, Kopi Kenangan dan Fore",point coffee cafe kopi kenangan fore,positive
05/2024,Urutan versi ku untuk kopi yg banyak cabang : 1. Point 2. Kopken 3. Fore 4. Tomoro 5. Janji jiwa Urutan versi ku yg lokal pwt : 1. Arasta 2. Awor 3. Soedoet koupi 4. Sadadjiwa,urutan versi ku kopi cabang 1 point coffee 2 kopi kenangan 3 fore 4 tomoro 5 janji jiwa urutan versi ku lokal pwt 1 arasta 2 awor 3 soedoet koupi 4 sadadjiwa,positive
05/2024,tuku calf kopken,tuku calf kopi kenangan,positive
05/2024,"Tuku, fore, bakeaholic, calf, kopken lebih 2",tuku fore bakeaholic calf kopi kenangan 2,positive
05/2024,"tuku, kopken, fore, point GABISA PILIH 3",tuku kopi kenangan fore point coffee gabisa pilih 3,neutral
05/2024,TUKU KOPKEN DJOUENAL HAHAHAHAHAHAHAHAH point dulu enak tp skrg ga konsisten jd males,tuku kopi kenangan djouenal hahahahahahahahah point coffee enak konsisten males,negative
05/2024,kopken! krn ga begitu krn susu nya,kopi kenangan susu nya,positive
05/2024,Utk yg udh ada brand bnyak cabang fore sma kopken. Yg lokal dom Kopiria Cerita senja. Mau coba tuku tp belm ada di dom,udah brand bnyak cabang fore kopi kenangan lokal dom kopiria cerita senja coba tuku belm dom,positive
05/2024,Jujur waktu kopken rilis gue excited bwt coba ternyata rasanya zonk. Manis bgt. Sekarang msh kek gitu gak?,jujur kopi kenangan rilis excited coba bodoh manis banget gak,negative
05/2024,"Kopken, belikopi, point",kopi kenangan belikopi point coffee,neutral
05/2024,"tuku susu tetangga, fore butterscotch, kopken signature (bukan yg biasa), tomoro coconut (less sweet)",tuku susu tetangga fore butterscotch kopi kenangan signature tomoro coconut sweet,positive
05/2024,Gasuka kopken yang kemasan gini soalnya manisss bgt,gasuka kopi kenangan kemasan gini manisss banget,positive
05/2024,tuku kopken calf fore (tapi mahal huehue),tuku kopi kenangan calf fore mahal huehue,positive
05/2024,"Point, kopken, janjiw. Janjiw banyak yg blg kureng, tapi menurutku dia cinta pertama kopi ku. Eh ada kupi Kulo juga enakn",point coffee kopi kenangan janjiw janjiw bilang kureng menurutku cinta kopi ku eh kupi kulo enakn,positive
05/2024,"fore, kopken, point pengen nyobain tuku tapi di domku gaada:(",fore kopi kenangan point coffee pengen nyobain tuku domku uang,positive
05/2024,"tuku, fore, kopken sih",tuku fore kopi kenangan sih,negative
05/2024,"kopken, tuku, point, harga terjangkau juga, fore ok sih tp agak mehong",kopi kenangan tuku point coffee harga terjangkau fore ok sih agak mehong,positive
05/2024,tuku dan kopken emang enak sih,tuku kopi kenangan enak sih,positive
05/2024,"Gb, fore, dan apa yah lupa yg penting bukan kopken",gb fore yah lupa kopi kenangan,neutral
05/2024,Point coffee & kopi kenangan,point coffee coffee kopi kenangan,positive
05/2024,"Tuku, kopken, kopi item mgt",tuku kopi kenangan kopi hitam mgt,neutral
05/2024,1. Yummy Gold Coffee 2. Indomart Point 3.Kopi Kenangan,1 yummy gold coffee 2 indomart point coffee 3kopi kenangan,positive
05/2024,"Kopi kenangan, kopi kenangan, kopi kenangan lagi",kopi kenangan kopi kenangan kopi kenangan,positive
05/2024,"fore, kopken, janjiw",fore kopi kenangan janjiw,neutral
05/2024,"kopken point animo, tuku sama flash enak tapi jauhh:(",kopi kenangan point coffee animo tuku flash enak jauhh,positive
05/2024,"Kopi kenangan, fore, collective",kopi kenangan fore collective,negative
05/2024,"Kopken, tuku, point Sejauh ini 3 teratas itusih",kopi kenangan tuku point coffee 3 teratas itusih,neutral
05/2024,matchanya kopken juara,matchanya kopi kenangan juara,neutral
05/2024,"Calf, tuku, fm, kopken. Kopken & fm sama2 di urutan 3 gabisa dipisah sori",calf tuku fm kopi kenangan kopi kenangan fm sama2 urutan 3 gabisa dipisah sori,positive
05/2024,"Makmur jaya, kopi kenangan, kopi anjis",makmur jaya kopi kenangan kopi anjis,neutral
05/2024,1. Kopken 2. Fore 3. Tuku/makmur jaya,1 kopi kenangan 2 fore 3 tukumakmur jaya,positive
05/2024,"Fore, Tuku, Kopi kenangan (tergantung store ada yg enak ada yg engga)",fore tuku kopi kenangan tergantung store enak engga,positive
05/2024,"cosan, kopken, soe fore lupa rasanya wkwk",cosan kopi kenangan soe fore lupa wkwk,negative
05/2024,Kopi made by Arena Kopi Kopi Kenangan Filosofi Kopi,kopi made arena kopi kopi kenangan filosofi kopi,positive
05/2024,"so far tuku, kopken, blm nemu tp katanya cotti enak tp blm sempet cobaa",so far tuku kopi kenangan nemu cotti enak cobaa,positive
05/2024,"top 4 dehh tuku, pilona, % arabica, kopken",top 4 dehh tuku pilona arabica kopi kenangan,neutral
05/2024,"point, kopi kenangan, fore/tomoro",point coffee kopi kenangan foretomoro,positive
05/2024,"Kopken, fore, point coffee Tapi yg paling sering dibeli tetep kopken",kopi kenangan fore point coffee coffee dibeli tetep kopi kenangan,positive
05/2024,"fore, tuku, kopken. Btw tomoro gEnak hwek",fore tuku kopi kenangan ngomong-ngomong tomoro genak hwek,positive
05/2024,"soale dlu ak pertama nyoba di jkt itu uwenak kentel. kopken d jkt dlu juga enak kali, pas d mlg zonk bedo frencess plg ya bedo kali ya",soale nyoba jakarta uwenak kentel kopi kenangan jakarta enak pas mlg bodoh bedo frencess bedo,positive
05/2024,"Kopken, makmur, blm tau lagi",kopi kenangan makmur,negative
05/2024,"kopken, fore, flash coffee banyak si sebenernya",kopi kenangan fore flash coffee si sebenernya,positive
05/2024,"Kopi kenangan, point coffe, fore",kopi kenangan point coffee coffe fore,positive
05/2024,"Kopken, couvee, sama point. Skip dulu fore kalo lagi tanggal tua",kopi kenangan couvee point coffee skip fore tanggal tua,negative
05/2024,"replyannya pada suka tuku, aku first time nyoba cukup. gak lagi. aku tim point ofc, kopken, titik koma/fore/tomoro",replyannya suka tuku first time nyoba gak tim point coffee ofc kopi kenangan titik komaforetomoro,positive
05/2024,"Tuku, kopken, point",tuku kopi kenangan point coffee,neutral
05/2024,"Kopken, point coffee, sama ada 1 vietnamese coffee brand namanya bach coffee tapi adanya cuma di kuncit",kopi kenangan point coffee coffee 1 vietnamese coffee brand namanya bach coffee kuncit,positive
05/2024,Tuku Kopken Alfamart kopi susu jadul,tuku kopi kenangan alfamart kopi susu jaman,positive
05/2024,"Arah, tuku, kopken, point",arah tuku kopi kenangan point coffee,negative
05/2024,"Fore, xxi, indopoint:kopken(?) sama sbnrnya stuja jg sip tp ga bnyak cabang tomoro jg yg disuka matcha""annya, tuku&golden black blm prnh cb tp kepo",fore xxi indopointkopken sbnrnya stuja sip bnyak cabang tomoro disuka matchaannya tukugolden black coba urusan,negative
05/2024,"Kopken, fore, janjiw For their americano sii, menu lain ga tau",kopi kenangan fore janjiw for their americano sii menu,negative
05/2024,"Indomaret point coffee, kopi kenangan, gatau lagi satunya",indomaret point coffee coffee kopi kenangan gatau satunya,neutral
05/2024,"FamilyMart, kopi kenangan, yummy choice indomaret",familymart kopi kenangan yummy choice indomaret,positive
05/2024,"Fore, tuku, kopken, point",fore tuku kopi kenangan point coffee,neutral
05/2024,2. Kopken (soalnya kopina enak n gmpang dicari) 3. Tuku,2 kopi kenangan kopina enak gmpang dicari 3 tuku,positive
05/2024,"kopken, tuku, calf",kopi kenangan tuku calf,neutral
05/2024,Yg ke 3 kopken,3 kopi kenangan,neutral
05/2024,- FORE apapun tetep stop tertinggi ku fore - POINT COFFE : ini dilawan sm kopken aren jg kalah,fore apapun tetep stop tertinggi ku fore point coffee coffe dilawan kopi kenangan aren kalah,negative
05/2024,"TUKU, KOPKEN, POINT",tuku kopi kenangan point coffee,neutral
05/2024,1. Makmur jaya 2. Kopi kenangan 3. Fore,1 makmur jaya 2 kopi kenangan 3 fore,positive
05/2024,"Tuku-fore-kopken (kenangan mantan tp susunya diganti oatside, ini enak banget)",tukuforekopken kenangan susunya diganti oatside enak banget,positive
05/2024,"Sejauh ini : kopken, point, Kyoto arabica",kopi kenangan point coffee kyoto arabica,positive
05/2024,tumbler kota kota kopken bisa buat minuman reguler gini ga si ? pengen pake tapi size nya seliter masa buat minuman reguler,tumbler kota kota kopi kenangan minuman reguler gini si pengen pakai size nya seliter minuman reguler,neutral
05/2024,baru nyoba point Coffee sama kopi kenangan. pas banget di lidah,nyoba point coffee coffee kopi kenangan pas banget lidah,positive
05/2024,"tuku, kopi kenangan, kopi bapak saya",tuku kopi kenangan kopi,neutral
05/2024,"couve, seperdua, tuku, janjiw, kopken, fore, tomoro, jatinangor juga oke gbs milihh",couve seperdua tuku janjiw kopi kenangan fore tomoro jatinangor oke milihh,positive
05/2024,"point coffee, kopken, janjiw soso sih but yeah",point coffee coffee kopi kenangan janjiw soso sih but yeah,negative
05/2024,1. Kopi kenangan ga bakalan terganti 2. Tuku 3. Tommorow,1 kopi kenangan terganti 2 tuku 3 tommorow,positive
05/2024,"Kgk ada nder, kek sama2 aja sama kopken ma janjiw..",kgk sama2 kopi kenangan ma janjiw,negative
05/2024,1. Fore 2. Harlan + holden 3. Kopi kenangan But akhir2 ini lagi suka banget sama harlan holden yang varian butterscotch latte. Seenak ituu. Sea salt latte lumayan sihh. Oh! Sama brown sugar lattenya juga ok!,1 fore 2 harlan holden 3 kopi kenangan but akhir2 suka banget harlan holden varian butterscotch latte seenak ituu sea salt latte lumayan sihh brown gula lattenya ok,positive
05/2024,"Temen ku yg suka sama kopken+fore,katanya kureng untuk kopinya. Tapi kemaren liat di TL katanya varian hojicha sama matcha tomoro enak. Tapi semua tergantung selera,jadi buktiin masing² varian aja wkwkwk",teman ku suka kopkenforekatanya kureng kopinya lihat tl varian hojicha matcha tomoro enak tergantung selerajadi buktiin varian wkwkwk,positive
05/2024,Belum pnh nyoba tomoro matcha.. sejauh ini yg enak masih dipegang kopi kenangan,pnh nyoba tomoro matcha enak dipegang kopi kenangan,positive
05/2024,7/10 karena lebih suka kopken,710 suka kopi kenangan,positive
05/2024,Dibanding jco/kopken Medokan mana kak?,dibanding jcokopken medokan kak,negative
05/2024,enakan mana sama kopken??,enakan kopi kenangan,negative
05/2024,Karena ditempatku belum ada tuku jadi top tier yang skrg masih kopi kenangan,ditempatku tuku top tier kopi kenangan,positive
05/2024,lebih enakan mana sama punya kopken ???,enakan kopi kenangan,negative
05/2024,"ini aku dpt harga 85k, dpt potongan dr shopeefood. kl harga normalnya 95k blm sm ongkir. kl yg seliternya emg lbh murah dr kopken sih untungnya, kl beli satuan lumayan mikir",harga 85k potongan dr shopeefood harga normalnya 95k ongkos kirim seliternya memang lbh murah dr kopi kenangan sih untungnya beli satuan lumayan mikir,positive
05/2024,"Menurut aku kalau suka yg tipe matcha nya pahit, ini kurang sih. Soalnya aftertaste pahitnya cuma kerasa dikit. Apalagi kalau es nya udah mulai mencair, jadi lebih hambar Aku lebih suka Matcha Latte nya kopken.",suka tipe matcha nya pahit sih aftertaste pahitnya kerasa dikit es nya mencair hambar suka matcha latte nya kopi kenangan,positive
05/2024,"Enak banget ada Tuku yg dekat dengan lokasi kamu kalau dekat kantorku yg tinggal ngesot jalan kaki cuman fore, kopken ama sbux doank. Nahh skrg yg paling sering cuman ke fore doank",enak banget tuku lokasi kantorku ngesot jalan kaki cuman fore kopi kenangan starbucks doank nahh cuman fore doank,positive
05/2024,kopken masi tahta tertinggi buatku,kopi kenangan masi tahta tertinggi buatku,positive
05/2024,Mendingan kopken masih ada taste paitnya… ini manis banget padahal udah no sugar.,mendingan kopi kenangan taste paitnya manis banget gula,negative
05/2024,"tukuuuu, fore terlalu light, kopken kemanisan. paling bener TUKUUUU",tukuuuu fore terang kopi kenangan kemanisan benar tukuuuu,positive
05/2024,"So far. Dah ke 5an cabang. Sll dapet ka. My go to cafe kalau mau duduk. Karena kopken gk enak untuk ""duduk diam"".",so far deh 5an cabang kakak my go to cafe duduk kopi kenangan gk enak duduk diam,positive
05/2024,KOPKEN YANG JUMBO LESS SUGARR,kopi kenangan jumbo sugarr,negative
05/2024,DOUBLE SHOT ICED SHAKEN NYA KOPKEN udah paling nomor 1 nya gue,double shot iced shaken nya kopi kenangan nomor 1 nya,neutral
05/2024,matcha oat lattenya. matcha gak sepahit kopken tp ttp pahit paham kan aku ga less sugar dan manisnya pass menurut aku yg gasuka manis ini. luvv tomoro dr pd kopken skg,matcha oat lattenya matcha gak sepahit kopi kenangan pahit paham kan gula manisnya pass gasuka manis luvv tomoro dr kopi kenangan skg,positive
05/2024,TUKU JUGA DONGGGG! SAMA COUVEE WEHHH TOLONK COUVEE BUKA CABANG DI JABODETABEK PLSSS!!! kalau daily palingan yg gampang dibeli tetep kopken or point coffee,tuku dongggg couvee wehhh tolonk couvee buka cabang jabodetabek plsss daily palingan gampang dibeli tetep kopi kenangan or point coffee coffee,positive
05/2024,Yaah belum pernah nyoba yang kopken,yaah nyoba kopi kenangan,negative
05/2024,kopi kenangan manta atau ksknya fm nderr,kopi kenangan manta ksknya fm nderr,neutral
05/2024,tuku oke si tp lbh suka kopken ama fore baru tuku,tuku oke si lbh suka kopi kenangan fore tuku,positive
05/2024,Top 1 tuku Top 2 Fore Top 3 kopken Top 4 janjiw,top 1 tuku top 2 fore top 3 kopi kenangan top 4 janjiw,positive
05/2024,Tapi kopken lbh berasa mirip sbux deh kakk mnurutku coba deh,kopi kenangan lbh berasa mirip starbucks deh kakk mnurutku coba deh,positive
05/2024,matcha oat lattenya wkwk enak bgttt tp lebih nampol kopken sih,matcha oat lattenya wkwk enak bgttt nampol kopi kenangan sih,positive
05/2024,Krn tuku ga ada jdnya couvee/kopken mantan less sugar,tuku jdnya couveekopken gula,neutral
05/2024,Kopi kenangan best,kopi kenangan best,positive
05/2024,"Daily kopken sama calf, kalo nongkrong enaknya tuku",daily kopi kenangan calf nongkrong enaknya tuku,positive
05/2024,"Gue dulu kekeuh kopken kenangan mantan top tier, setelah menciba Fore, semuanya berubah tp fore mahal ajg ukuran largenya bisa beli ukuran jumbo kopken",keras kepala kopi kenangan kenangan top tier menciba fore berubah fore mahal ajg ukuran largenya beli ukuran jumbo kopi kenangan,negative
05/2024,"Kemaren nyoba matcha latte nya pakai oat milk, tapi agak kecewa ternyata masih lebih enak kopken",nyoba matcha latte nya pakai oat milk agak kecewa enak kopi kenangan,negative
05/2024,"duh kangen tuku..., tuku hadir di makassar dong kopken aku juga suka tp agak terlalu strong buat aku bisa ga tdr gw",aduh kangen tuku tuku hadir makassar kopi kenangan suka agak strong tidur,positive
05/2024,sejauhh ini msihh kopken siii,sejauhh msihh kopi kenangan siii,negative
05/2024,ada rekomen selain kopken ga kak? suka yg rasa2 rumputnya masih kerasa,rekomen kopi kenangan kak suka rasa2 rumputnya kerasa,positive
05/2024,"kok ak gak merasa ini endul sprti kata orang"" ya. masi enakan kopken, point coffee",gak endul masi enakan kopi kenangan point coffee coffee,negative
05/2024,Kopken sih masih ter luv,kopi kenangan sih ter luv,negative
05/2024,"Deket rumah ada point, fore, tuku, kopken sma tomoro. Fore blm dicoba, tomoro masih yg ter so far",deket rumah point coffee fore tuku kopi kenangan tomoro fore dicoba tomoro ter so far,positive
05/2024,thai tea kopken best bgt!,thai tea kopi kenangan best banget,positive
05/2024,"baru bgt tdi beli lagi promo sgini cuma 65k aja nderr, btw kopken udah paling enak yg kopi kenangan mantannya nderr pasti",banget beli promo sgini 65k nderr ngomong-ngomong kopi kenangan enak kopi kenangan mantannya nderr,positive
05/2024,Ice americano regular ice no sugar atau kopi kenangan mantan less ice less sugar. Andalanku,ice americano regular ice gula kopi kenangan ice gula andalanku,positive
05/2024,kopi kenangan mantan udah bestttt,kopi kenangan bestttt,negative
05/2024,"Aku biasanya -Kopi kenangan mantan no sugar, less milk, extra ice -Iced americano no sugar, less water, extra ice Met mencoba~",kopi kenangan gula milk extra ice iced americano gula water extra ice met mencoba,positive
05/2024,kopi susu kopken masih juara sih menurut gw,kopi susu kopi kenangan juara sih,positive
05/2024,"fore, janjiw, tuku, kopken, tomoro",fore janjiw tuku kopi kenangan tomoro,neutral
05/2024,"Kopi kenangan mantan, aku biasanya less sugar. Sama kalau mau coba teh, earl grey- ya enak lho.",kopi kenangan gula coba kakak perempuan earl grey enak lho,positive
05/2024,Yh sebagai anak cupu ngopi Urutan dari yg masih cukup bisa di toleransi sampe engga bisa : *artinya dari yg mild ke strong 1. Cold brew tanamera 2. Fore 3. Tomoro 4. Kopken jawara beans (lainnya gk dulu) 5. Point coffee,yh anak cupu ngopi urutan toleransi engga mild strong 1 cold brew tanamera 2 fore 3 tomoro 4 kopi kenangan jawara beans gk 5 point coffee coffee,positive
05/2024,Ulonnn must tryyyy Kopken Janjiw Ini urutan kopiku,ulonnn must tryyyy kopi kenangan janjiw urutan kopiku,neutral
05/2024,"Mako, jco, kopi kenangan, chatime",mako jco kopi kenangan chatime,positive
05/2024,Kopi kenangan mantan less sugar udah the best,kopi kenangan gula best,positive
05/2024,Iced Americano KopKen tapi yg less sugar Blm kuat kalo yg no sugar bgt,iced americano kopi kenangan gula kuat gula banget,positive
05/2024,kopken gasih,kopi kenangan gasih,positive
05/2024,"Kopi gitu jarang yg ada taxnya. Kaya kopken, janjiw, tuku",kopi jarang taxnya kaya kopi kenangan janjiw tuku,negative
05/2024,"lumayan kak, dulu aku masukkin kopken ke tumblernya trs seharian es nya masih ada",lumayan kak masukkin kopi kenangan tumblernya seharian es nya,positive
05/2024,"Dari kopken, waktu itu belinya dpt harga promo, daya tampung 1 liter, mayan lahh",kopi kenangan belinya harga promo daya tampung 1 liter mayan lahh,positive
05/2024,"Point coffee I cinta machanya.. Tp Emg kyna tiap tempat jual minuman Itu item macha/green teanya enak2. Kopken, janjiw, point, bahkan gacoan pun greentea/machanya enak",point coffee coffee i cinta machanya memang kyna jual minuman hitam machagreen teanya enak2 kopi kenangan janjiw point coffee gacoan greenteamachanya enak,positive
05/2024,"gais enakan tuku, kopken, calf, atau fore ya? **bkn buat aku, tp momskiku yg sukanya kopken, beliau kurang cocok sm tomoro",gais enakan tuku kopi kenangan calf fore momskiku sukanya kopi kenangan cocok tomoro,positive
05/2024,Kopken menurut aku se creamu tuku,kopi kenangan creamu tuku,positive
05/2024,"kalo moms km suka yg kopinya strong, tuku. kalo mau tipe light, fore. kalo mau yg susu kopi balance tp seleranya yg manis, kopken. overall tuku terbaik",moms suka kopinya strong tuku tipe terang fore susu kopi balance seleranya manis kopi kenangan overall tuku terbaik,positive
05/2024,"tuku sih buat aku, aku juga lufff banget sama kopken dan gacocok sama tomoro karena gberasa kopinya",tuku sih lufff banget kopi kenangan gacocok tomoro gberasa kopinya,positive
05/2024,"Belum ada Tuku disini, kalo adaaa deh nnti boleh dicobaa Matchanyaa enaaakkk menurutku, mengalahkan kopken sama tomoro Noted. Besok kalo kesana lagi nyoba dark chocolatenyaaa. Makasih banyaaaaak",tuku disini adaaa deh nnti dicobaa matchanyaa enaaakkk menurutku mengalahkan kopi kenangan tomoro noted besok kesana nyoba dark chocolatenyaaa terima kasih banyaaaaak,positive
05/2024,"tuku kopi strong enak dan thick, kalau agak light tp ttp enak fore/kopken",tuku kopi strong enak thick agak terang enak forekopken,positive
05/2024,"nemu yg mirip2 tuku, cobain kopken creamy aren latte.",nemu mirip2 tuku cobain kopi kenangan creamy aren latte,positive
05/2024,agree!!! pertama tuku kedua kopken,agree tuku kopi kenangan,positive
05/2024,Kok aku lupaaa yaa ini pernah di review pernah pengen nyoba pas ke kopken malah ga pesen,lupaaa yaa review pengen nyoba pas kopi kenangan pesen,negative
05/2024,"mayan, suruh pran nabung lagi masih ada chatime, kopken, bakmi gm, sushi tei yang harus masuk",mayan suruh pran nabung chatime kopi kenangan bakmi gm sushi tei masuk,positive
05/2024,Iyalagi. Enakkk kopsus tetangga no sugar + xtra caramell. Tapi masih belum bisa geser kedudukannya kopken caramel macchiato si. Tapi tuku enak mwehehee.,iyalagi enakkk kopsus tetangga gula xtra caramell geser kedudukannya kopi kenangan caramel macchiato si tuku enak mwehehee,positive
05/2024,Enak cuma kecil seharga kopken yg Large bagiku si kaum murah enak & puas,enak kecil seharga kopi kenangan large bagiku si kaum murah enak puas,positive
05/2024,Iyaa enak. Tapi tetep kopken caramel macchiato menduduki tahta pertama kopisop alaaku.,iyaa enak tetep kopi kenangan caramel macchiato menduduki tahta kopisop alaaku,positive
05/2024,"Keinget semaleman ga bisa tidur dan paginya mecahin gelas karna tremor, akibat minum kopken sore-sore",keinget semaleman tidur paginya mecahin gelas tremor akibat minum kopi kenangan soresore,negative
05/2024,Yaampun ngidam banget es kopi gula arennya kopken:'(,yaampun ngidam banget es kopi gula arennya kopi kenangan,positive
05/2024,iyeah sm kopken sih ohh sm fore jg,iyeah kopi kenangan sih ohh fore,neutral
05/2024,Akuu tp yg kopken kenangan mantan dan yg large wkkwk,akuu kopi kenangan kenangan large wkkwk,negative
05/2024,Yg mirip sama kopi kenangan mantan ada ga,mirip kopi kenangan,positive
05/2024,semuanya enak tp lagi mood kopken,enak mood kopi kenangan,positive
05/2024,"krn ak cm prnh nyoba americano punya kopken, jd saranku yh kopken. tp americanonya alfa express jg enak.",cm nyoba americano kopi kenangan saranku yh kopi kenangan americanonya alfa express enak,positive
05/2024,"Kalo yg full arabica enggak nder, dia lbh light, agak asem, fruity, seger, enak sumpah kalo mau cobain yg gampang sih americanonya tomoro. Kopken aku blm prnh, gatau dia pake beans apa. Kalo yg robusta atau blend emg cenderung pahit, tp tetep enak buatku, wkwk..",full arabica lbh terang agak asam fruity seger enak sumpah cobain gampang sih americanonya tomoro kopi kenangan gatau pakai beans robusta blend memang cenderung pahit tetep enak buatku wkwk,positive
05/2024,"salfok sm gelas tuku & kopken, masih edisi tahun lama itu",salfok gelas tuku kopi kenangan edisi,neutral
05/2024,Kopken thai tea deh kayaknya,kopi kenangan thai tea deh kayaknya,positive
05/2024,thai tea kopi kenangan yang large nder,thai tea kopi kenangan large,positive
05/2024,"Mau ngopi, minggu lalu belum pake jatah kopi Kopken, janjiw , point atau kulo ya",ngopi pakai jatah kopi kopi kenangan janjiw point coffee kulo,neutral
05/2024,"thai teanya ena gaa??? ripiuw dong yg udah cobaa, mumpung ada kopken deket rumahh wkwkwk",thai teanya enak gaa ripiuw cobaa kopi kenangan deket rumahh wkwkwk,positive
05/2024,Jco sih klo thai tea. Kopken ak sukanya matcha nya kak,jco sih thai tea kopi kenangan sukanya matcha nya kak,positive
05/2024,itu keknya thai teanya kopken dehh,kayaknya thai teanya kopi kenangan dehh,positive
05/2024,"kalau thai tea antara jco sama kopken, lebih suka kop ken sih",thai tea jco kopi kenangan suka kop ken sih,positive
05/2024,"Kopken kak, kalau jco kurang rasa thai teanya....",kopi kenangan kak jco thai teanya,positive
05/2024,Thai tea jumbo kopken kayanya,thai tea jumbo kopi kenangan kayaknya,positive
05/2024,Kopken ka enak dia...,kopi kenangan kakak enak,positive
05/2024,"thai tea kopken.. aku baru nyoba juga ini, enak sih tapi sudah minta less sugar masih kemanisan (don't mind kamera aku kotor)",thai tea kopi kenangan nyoba enak sih gula kemanisan dont mind kamera kotor,positive
05/2024,lebih enak kopken menurutku,enak kopi kenangan menurutku,positive
05/2024,Thai tea kopken yg ukuran jumbo,thai tea kopi kenangan ukuran jumbo,neutral
05/2024,"thai tea kopken, kalo ku liat2 dari warna nya mah hehe",thai tea kopi kenangan ku liat2 warna nya mah he,positive
05/2024,"kopken kak, thaitea jco di dom ku kebanyakan es jd hambar hiks",kopi kenangan kak thaitea jco dom ku kebanyakan es hambar hiks,negative
05/2024,thai tea kopken depan kampus gue klo normal sugar manis bgt tp enak sih bneran mirip dumdum,thai tea kopi kenangan kampus normal gula manis banget enak sih bneran mirip dumdum,positive
05/2024,Thai tea kopken kayaknya,thai tea kopi kenangan kayaknya,positive
05/2024,"Aku kalo ngopi pake promoan kak, biasanya kopken, janjiw atau calf. Paling mahal 13k paking murah 8,500 per gelas. Tapi emang kudu belinya rombongan baru murceu :') makanya kadang pas mau ngopi, berdoa semoga temen pada gamau pas ditawarin. Kalo 1 orang aja gamau, aman dompet",ngopi pakai promoan kak kopi kenangan janjiw calf mahal 13k paking murah 8500 gelas belinya rombongan murceu kadang pas ngopi berdoa semoga teman gamau pas ditawarin 1 gamau aman dompet,positive
05/2024,"Kopken, kerasa tehnya. Half sugar, top",kopi kenangan kerasa tehnya half gula top,positive
05/2024,"Gaji gw kecil, tapi sukurnya nemu kopi yg murah dan enak dekat rumah, 1 cupnya cuma 10k doang rasanya bisalah bersaing dengan kopken, kopi soe, JJ, tapi kalo mau hemat lagi gw biasa bikin kopi itam+krimer+gula atau kopi itam+susu fulcream miriplah sama kopi di atas",gaji kecil sukurnya nemu kopi murah enak rumah 1 cupnya 10k doang bisalah bersaing kopi kenangan kopi soe jj hemat bikin kopi itamkrimergula kopi itamsusu fulcream miriplah kopi,positive
05/2024,"thai tea kopken nderr, enakk tp klo km gasuka manis better pesenn less sugar dehhh.. tp ak normal aman si",thai tea kopi kenangan nderr enakk gasuka manis better pesenn gula dehhh normal aman si,negative
05/2024,"Ku sejauh ini kl lg pengen thaitea selalu beli jco krn rasa susunya lebih berasa. Kl kopken blm coba, soon cb kopken",ku pengen thaitea beli jco susunya berasa kopi kenangan coba soon coba kopi kenangan,positive
05/2024,"Thai tea jumbooooooo nya kopken, gue kalo beli gelas jumbo ini buat bertiga baru abis kalo sendiri abisnya 3 hari kayanya",thai tea jumbooooooo nya kopi kenangan beli gelas jumbo bertiga habis abisnya 3 kayaknya,positive
05/2024,Emang thai teanya kopken tuh enakkk,thai teanya kopi kenangan tuh enakkk,positive
05/2024,"Pengen bgt dimsum mentai, minumannya kopken yg strong bgt (lg pusing banyak kerjaan)",pengen banget dimsum mentai minumannya kopi kenangan strong banget pusing kerjaan,positive
05/2024,"resmi, b aja rasanya mending beli tuku ato kopken dengan harga yang sama",resmi b beli tuku kopi kenangan harga,negative
05/2024,"Ini udah lama si, cuma kemasannya aja yg di upgrade Tp mnrtku rasanya jujur agak kurang sii udah mah mahall Mending kopken asli dahh sksks",si kemasannya upgrade mnrtku jujur agak sii mah mahall kopi kenangan asli dahh sksks,negative
05/2024,"kalo beli kayak di kopken atau point itu setauku ada gulanya soalnya pas aku beli ada manis"" gitu, jadi pas pesen sekalian req no sugar nder.",beli kayak kopi kenangan point coffee setauku gulanya pas beli manis pas pesen req gula,positive
05/2024,enakan matcha latte atau thai greentea? lagi pengen coba menu menu lain di kopken,enakan matcha latte thai greentea pengen coba menu menu kopi kenangan,positive
05/2024,Macthanya kopken emang gapernah gagal,macthanya kopi kenangan gapernah gagal,negative
05/2024,aaaaaargh mwu nyoba matcha kopken ga sempet terusssss,aaaaaargh mwu nyoba matcha kopi kenangan terusssss,negative
05/2024,"Lg order kopken,krn mendadak butuh yg manis2 buat memperbaiki mood",order kopkenkrn mendadak butuh manis2 memperbaiki mood,positive
05/2024,"Enakk kah ini??? Aku tiap pulang kerja ngelewatin kopken soalnya, mau cobaa",enakk pulang kerja ngelewatin kopi kenangan cobaa,negative
05/2024,"thai greentea/thaitea suka, hazelnut choco milk tea jg suka, susu grass jelly jg suka. kopken mah apa yg gue gasuka sih paling ice creamnya yg semua rasa ada durennya itu",thai greenteathaitea suka hazelnut choco milk tea suka susu grass jelly suka kopi kenangan mah gasuka sih ice creamnya durennya,positive
05/2024,"Tapi matcha lattenya kopken tuh banyak residunya, nder. Prefer fore or point sih kalo matcha latte.",matcha lattenya kopi kenangan tuh residunya prefer fore or point coffee sih matcha latte,positive
05/2024,Earl gray milk tea kopken - less sugar Yuyur green thai teanya rada kureng,earl gray milk tea kopi kenangan gula yuyur green thai teanya rada kureng,positive
05/2024,"Recommended menu nya yg non kopi ,di point kopi nya strong bgt buat gue , klo gw persen kopi lebih prefer kopken atau engga jco",recommended menu nya non kopi point coffee kopi nya strong banget kopi prefer kopi kenangan engga jco,positive
05/2024,baru nyoba matcha sih kalo non-coffee nya kopken,nyoba matcha sih noncoffee nya kopi kenangan,positive
05/2024,ak kalo kopken sukaaaa sekali minum susu grass jelly gula arennya,kopi kenangan sukaaaa minum susu grass jelly gula arennya,positive
05/2024,Itu bukan kopken ya?,kopi kenangan,negative
05/2024,anjir kopken itu singkatan ternyata?!! kopi kenangan? pantesan blg banyak cab nya d bali,anjing kopi kenangan singkatan kopi kenangan pantesan bilang cab nya bali,positive
05/2024,"kalo beli thai tea kopken mending yang no sugar kak karna emang semanis ituu, less sugar pun masih manis bgt",beli thai tea kopi kenangan gula kak semanis ituu gula manis banget,positive
05/2024,seliweran mulu kopken dari kemarin,seliweran melulu kopi kenangan,negative
05/2024,"aku lebih suka kopken nderr, cuma mau lebuh enak yg feel matcha itu enak bgt matchanya",suka kopi kenangan nderr lebuh enak feel matcha enak banget matchanya,positive
05/2024,Baru tauu thai greentea kopken seijo ini,tauu thai greentea kopi kenangan seijo,positive
05/2024,Aren creamy latte nya kopken yg baru enak banget.... must try !!!,aren creamy latte nya kopi kenangan enak banget must try,positive
05/2024,Kopken mah yg mantan aja udah enakk,kopi kenangan mah enakk,positive
05/2024,kopken! tp minta no sugar,kopi kenangan gula,neutral
05/2024,kopken tomoro sama famima masih ada pahit2nya,kopi kenangan tomoro famima pahit2nya,negative
05/2024,matcha latte punyanya kopken minta yg less sugar,matcha latte punyanya kopi kenangan gula,neutral
05/2024,"Belumm, adakah saran kopi no sugar yg enak di minum? Selain kopken dan janjiw yaa.",belumm adakah saran kopi gula enak minum kopi kenangan janjiw yaa,negative
05/2024,saking seringnya skripsian sendiri di kopken mba2nya sampe hapal,saking skripsian kopi kenangan mba2nya hapal,positive
05/2024,"freezy matcha kopken enak, chizu matcha es teh juga ada gumpalan bubuk matcha jadi masi ada bitter nya wenakkk, matcha point caffe juga enak better less sugar biar ada bitter nya, matcha oat latte tomoro juga wenak, last matcha greent tea foree manteppp, UDAA DEHH",freezy matcha kopi kenangan enak chizu matcha es kakak perempuan gumpalan bubuk matcha masi bitter nya wenakkk matcha point coffee caffe enak better gula biar bitter nya matcha oat latte tomoro wenak last matcha greent tea foree manteppp udaa dehh,positive
05/2024,"urutan kepaitan minuman matcha menurut w: ikuyo > feel matcha > tomoro > kopken minusnya ikuyo masih dikit variannya, fm sm tomoro kl no sugar masih lebih pahit fm, kopken walopun no sugar masih ada manis2nya kt aku mah",urutan kepaitan minuman matcha ikuyo feel matcha tomoro kopi kenangan minusnya ikuyo dikit variannya fm tomoro gula pahit fm kopi kenangan walopun gula manis2nya mah,positive
05/2024,"Kopken enak bisa minta less sugar kalo mau makin terasa bitter. Feel matcha enak juga, emang matcha bgt. Nah yg enak poll sejauh ini matcha Bae, matchanya juga banyak varian bubuknya, worth the price sihhh.",kopi kenangan enak gula bitter feel matcha enak matcha banget enak poll matcha bae matchanya varian bubuknya worth price sihhh,positive
05/2024,"Bener, kopken no sugar aja masih manis",benar kopi kenangan gula manis,negative
05/2024,"Freezy matcha kopken, matchami matchampion, kokumi. Pengen nyobain feel matcha tapi belum kesampean",freezy matcha kopi kenangan matchami matchampion kokumi pengen nyobain feel matcha kesampean,positive
05/2024,"Sejauh ini kopken, tapi belum jauh² bgt sih maennya hhe",kopi kenangan banget sih maennya hhe,positive
05/2024,"Kopken deket rumah yg masih ketara paitnya, nyoba yg laen manis bjirr",kopi kenangan deket rumah ketara paitnya nyoba laen manis bjirr,positive
05/2024,Matchanya kopken yg jumbo juga aku bisa krn secocok itu sama lidahku apalagi no sugar,matchanya kopi kenangan jumbo secocok lidahku gula,positive
05/2024,"indomilk banana milk&strawberry, oatside choco, vsoy multi grain, kopken yg ungu",indomilk banana milkstrawberry oatside choco vsoy multi grain kopi kenangan ungu,positive
05/2024,matcha latte kopken udah jadi favorit aku,matcha latte kopi kenangan favorit,positive
05/2024,Matcha nya kopken pahittt enak nderr,matcha nya kopi kenangan pahittt enak nderr,positive
05/2024,galaxy mall selantai sama kopken,galaxy mall selantai kopi kenangan,positive
05/2024,ak kurang suka butterscotch jd sukanya kopken,suka butterscotch sukanya kopi kenangan,positive
05/2024,Fore sih. Kalo kopken menurutku yg paling enak cuma line oatside series aja,fore sih kopi kenangan menurutku enak line oatside series,positive
05/2024,"Beda rasa mah yg fore butterscoth sea salt itu dia creamy,gurih(ada crumble biskuit Yg kopken mantan ya samaal aja kaya kopi susu,kalo mau nyoba kopken yg enak cobain ke retail kopken yg kenangan signature harga menunya 2-3x lipat lebih mahal tp serving rasa minumannya enak bgtt",beda mah fore butterscoth sea salt creamygurihada crumble biskuit kopi kenangan samaal kaya kopi susukalo nyoba kopi kenangan enak cobain retail kopi kenangan kenangan signature harga menunya 23x lipat mahal serving minumannya enak bgtt,positive
05/2024,"atas nder, cuma kalo misal km tipe ngopi semenit abis mending kopken soalnya fore enaknya di seruput dikit2 wkwk",tipe ngopi semenit habis kopi kenangan fore enaknya seruput dikit2 wkwk,positive
05/2024,"Fore jelas lbh enak, dri dulu ga pnh suka sma kopi kenangan. Buat gw pecinta kopi, terlalu encer products dri kopi kenangan",fore lbh enak pnh suka kopi kenangan pecinta kopi encer products kopi kenangan,positive
05/2024,"Wkwkkw kok pda lbh suka fore ya, aku tim kopken. Fore ga kerasa kopinya hiks",tertawa pda lbh suka fore tim kopi kenangan fore kerasa kopinya hiks,positive
05/2024,"tim kopken, kmrn pertama kali nyoba fore rasanya ga cocok",tim kopi kenangan nyoba fore cocok,negative
05/2024,lebih suka kopken sih akuhh,suka kopi kenangan sih akuhh,positive
05/2024,"Kalau gak bisa ngopi banyak kyk aku, ngopi cuma smb nongkrong lama Fore sih. Dr rasa jg lebih suka fore. Tp kalau minum kopi kyk sapi gelonggong bergelas2 kopken aja itung2nya lbh murce xD",gak ngopi ngopi smb nongkrong fore sih dr suka fore minum kopi sapi gelonggong bergelas2 kopi kenangan itung2nya lbh murce xd,positive
05/2024,"Harga jauh bgt mending kopken, walau fore enak juga hahaha",harga banget kopi kenangan fore enak hahaha,negative
05/2024,"Fore sih, kopken buat aku terlalu manis.",fore sih kopi kenangan manis,negative
05/2024,foreee. ak kurang suka beans nya kopken:”,foreee suka beans nya kopi kenangan,negative
05/2024,Aku tim kopken karna fore bikin kembung sih di aku,tim kopi kenangan fore bikin kembung sih,positive
05/2024,"Fore enak ada foam gitu diatasnya, kopken kopi gula aren biasa cukup enak si, prefer fore aja cuma beda dikit hehe",fore enak foam diatasnya kopi kenangan kopi gula aren enak si prefer fore beda dikit he,positive
05/2024,"isi tweetnya banyak yang suka fore, should i try it? soalnya sampe saat ini masih kopken juara di mulut",isi tweetnya suka fore should i try it kopi kenangan juara mulut,positive
05/2024,butterscotch fore sih soalnya enak bgt tp klo butuh kafeinnya better kopken,butterscotch fore sih enak banget butuh kafeinnya better kopi kenangan,positive
05/2024,Aku tim kopken nder. Fore emng enak tp di lidahku ninggalin after taste yg kurang aku suka,tim kopi kenangan fore memang enak lidahku ninggalin after taste suka,negative
05/2024,"Fore enak bangettt apalagi yg seasalt itu tp bukan yg kopi banget, lebih kopi kopken mantan",fore enak bangettt seasalt kopi banget kopi kopi kenangan,positive
05/2024,Lebih suka kopken dari pada fore,suka kopi kenangan fore,positive
05/2024,kataku mending fore kapan lagi dapet promo tpi klo km mau kopken ya beli aja,kataku fore promo kopi kenangan beli,positive
05/2024,"Kalau biasa kopken , minum fore gak ada apa2 nya manis doang",kopi kenangan minum fore gak apa2 nya manis doang,negative
05/2024,"akusih barudak kopken, separuh jiwaku ada dikopken",akusih barudak kopi kenangan separuh jiwaku dikopken,negative
05/2024,"Dulu sebelum ada kopken always buy americano at chatime, but rn I prefer americano kopken. Selain americano, aku juga suka strawberry smoothie, matcha + espresso (sekarang udah ada matcha + espresso langsung di kopken), sama yang hazelnut itu nder",kopi kenangan always buy americano at chatime but rn i prefer americano kopi kenangan americano suka strawberry smoothie matcha espresso matcha espresso kopi kenangan hazelnut,positive
05/2024,"Paling aman ultra milk strawberry, milo, nescafe, kopi kenangan",aman ultra milk strawberry milo nescafe kopi kenangan,positive
05/2024,Kopken biasa aja rasanya,kopi kenangan,negative
05/2024,Emang ada ya yang bilang kopken enak?,bilang kopi kenangan enak,positive
05/2024,"Belum pernah nyoba yg kopken, tapi fore butterscotch itu serius enaaak bangetttt balance pol rasa asin dan kopi susunya, uniik dan rekomen",nyoba kopi kenangan fore butterscotch serius enaaak bangetttt balance pol asin kopi susunya uniik rekomen,positive
05/2024,KOPI KENANGAN SAMA FOREEE JUARA BANGETTTT,kopi kenangan foreee juara bangetttt,positive
05/2024,"murah ga si, croissantnya kopken itu pun 14k per biji",murah si croissantnya kopi kenangan 14k biji,positive
05/2024,kopi kenangan mantan yg oatside,kopi kenangan oatside,positive
05/2024,oatside kopken mantan tapi no sugar,oatside kopi kenangan gula,negative
05/2024,Kopi kenangan mantan sihh favku,kopi kenangan sihh favku,positive
05/2024,Kopi kenangan mantan no sugar,kopi kenangan gula,positive
05/2024,Kopi kenangan mantan,kopi kenangan,positive
05/2024,ih di aku yg bikin deg deg an mah kopken double shoot. Malah tomoro kurang strong,ih bikin deg deg an mah kopi kenangan double shoot tomoro strong,negative
05/2024,"Aku kalo kopken double shoot masih aman malah, tomoro 3 varian kopi deg deg an semua.",kopi kenangan double shoot aman tomoro 3 varian kopi deg deg an,negative
05/2024,"Udah lamaa, skrg beralih ke kopken klo mau minum",lamaa beralih kopi kenangan minum,positive
05/2024,thn kemaren kayaknyaa disini kebanyakan kopken tomoro sm mixueee,kayaknyaa disini kebanyakan kopi kenangan tomoro mixueee,negative
05/2024,kopken: enak to rada ada msh serbuk2 gt (ga terlalu alus) fore: kurang strong matchanya tp ya gurih gt ga terlalu manis tomoro: the best HAHAHAHAH,kopi kenangan enak to rada serbuk2 alus fore strong matchanya gurih manis tomoro best hahahahah,positive
05/2024,"Kopi kenangan matchanya pait, pilih no sugar",kopi kenangan matchanya pait pilih gula,positive
05/2024,kopken minta less sugar. kl point coffee masih kerasa manis.,kopi kenangan gula point coffee coffee kerasa manis,positive
05/2024,"kopken sih, yg normal aja udh kerasa pait kl mw lbh pait mnt less sugar",kopi kenangan sih normal udah kerasa pait now watching lbh pait gula,negative
05/2024,Kopi kenangan nder,kopi kenangan,positive
05/2024,Yang lama tuh kopken kalo beli dari aplikasinya. Bisa 20 menit lebih jir padahal outletnya lagi ga rame,tuh kopi kenangan beli aplikasinya 20 menit anjing outletnya ramai,negative
06/2024,"kalo mau kopisop yg cuma ada di sby kudu coba jokopi sih, tp kalo yg storenya ada di seluruh indo ya tuku/fore/kopken",kopisop sby coba jokopi sih storenya indo tukuforekopken,negative
06/2024,"Kalau aku ke kopken beli yg non coffe biasanya beli yg ini nder. Btw ini minuman asem seger, cocok buat cuaca yg lagi panas.",kopi kenangan beli non coffe beli ngomong-ngomong minuman asam seger cocok cuaca panas,positive
06/2024,1. Kopi kenangan mantan less sugar 2. Kopi kenangan mantan oatside less sugar 3. Matcha less sugar 4. Marie regal shake (gw ga tau ini menu masih ada apa engga) 5. Milo dinosaur,1 kopi kenangan gula 2 kopi kenangan oatside gula 3 matcha gula 4 marie regal shake menu engga 5 milo dinosaur,positive
06/2024,Enakan JCo ini apa kopken?,enakan jco kopi kenangan,negative
06/2024,kopken kenangan mantan pake oatside trs less sugar less ice. kalo suka manis normal sugar es nya jg normal aja,kopi kenangan kenangan pakai oatside gula ice suka manis normal gula es nya normal,positive
06/2024,Paling enak tuh calf nder. Kedua baru fore. Kopken mantan boleh lah.,enak tuh calf fore kopi kenangan,positive
06/2024,CURANGGGGGG KE KOPI KENANGAN GA AJA AKUUU,curangggggg kopi kenangan akuuu,negative
06/2024,Gua muterin galaxy ga nemu apa apa pls? Jadi belok ke kopken,muterin galaxy nemu pls belok kopi kenangan,negative
06/2024,matcha oat no sugar punya kopi kenangan atau matcha latte no sugar punya point coffee. tapi dasarannya matcha memang enak kokk ♡♡♡,matcha oat gula kopi kenangan matcha latte gula point coffee coffee dasarannya matcha memang enak kokk,positive
06/2024,Kasian jauh jauh ke galaxy ujung ujungnya kopken juga,kasian galaxy ujung ujungnya kopi kenangan,negative
06/2024,"Udah muterin galaxy sampe ujung, mau balik ke mixue ujung aspal tapi sayang banget jadi ke kopken",muterin galaxy ujung mixue ujung asli palsu sayang banget kopi kenangan,negative
06/2024,"beda2 sih kalo di fore w suka pandan latte aja,kalo di tomoro mah signature aren lattenya enak bgt,kalo kopken matchanya enak pol gaada obat",beda2 sih fore suka pandan latte ajakalo tomoro mah signature aren lattenya enak bgtkalo kopi kenangan matchanya enak pol uang obat,positive
06/2024,"dum dum masih ter enak, kopken enak jg sih",dum dum ter enak kopi kenangan enak sih,positive
06/2024,matcha kopken emang enak banget,matcha kopi kenangan enak banget,positive
06/2024,kopken lewat trs dah saatnya ngopi,kopi kenangan deh ngopi,neutral
06/2024,EH DI KOPKEN ADA DONAT GINI?,eh kopi kenangan donat gini,negative
06/2024,"kopken sm fm selera kopi ku bgt, tomoro jg oke kok",kopi kenangan fm selera kopi ku banget tomoro oke,positive
06/2024,"kopken, idn point, nescafe, dan janjiw (mskipun kureng)",kopi kenangan idn point coffee nescafe janjiw mskipun kureng,neutral
06/2024,"kopi kenangan, fore, sbux, point, pernah 2 kali nyobain tuku, suka juga, tapi di medan masih blm ada.",kopi kenangan fore starbucks point coffee 2 nyobain tuku suka medan,positive
06/2024,di dom ku belum ada tomoro & fore :(( sejauh ini si paling suka kopken sm point coffee,dom ku tomoro fore si suka kopi kenangan point coffee coffee,positive
06/2024,"Point coffee, kopi kenangan. Kopinya tomoro tuh tipe strong atau ga sih?",point coffee coffee kopi kenangan kopinya tomoro tuh tipe strong sih,positive
06/2024,"Kopi kenangan, tuku, point coff. Tomoro kt gue mah kaya kopi tanggung kebanyakan air alias rasanya gk jelas.",kopi kenangan tuku point coffee coff tomoro mah kaya kopi tanggung kebanyakan air alias gk,negative
06/2024,"blm kesampean nyoba tomoro tp top 1 coffee ku masih di pegang sm kopi kenangan mantan less sugar, caramel macchiato nya point coffee juga enakkk",kesampean nyoba tomoro top 1 coffee ku pegang kopi kenangan gula caramel macchiato nya point coffee coffee enakkk,positive
06/2024,"Kopken, fami, fore, tuku, tomoro ini sih sering",kopi kenangan fami fore tuku tomoro sih,positive
06/2024,Kopi Kenangan jagoankuu,kopi kenangan jagoankuu,positive
06/2024,"sejauh ini suka kopken, tomoro, sm point coffee",suka kopi kenangan tomoro point coffee coffee,positive
06/2024,"menurutku iya ka, dia hampir mirip kek kopken, cuma dia udah pait walaupun kita ga minta less sugar",menurutku iya kakak hampir mirip kopi kenangan pait gula,negative
06/2024,"Aku tim kopi kenangan sih, kemaren baru nyoba matchanya tomoro yg oat latte menurutku matchanya enak",tim kopi kenangan sih nyoba matchanya tomoro oat latte menurutku matchanya enak,positive
06/2024,Lebih manis dari kmu? Mmksuttku lebih manis dari kopken? Menuju Indonesia diabetes 2045,manis kmu mmksuttku manis kopi kenangan menuju indonesia diabetes 2045,positive
06/2024,"kopken sama point, kemaren nyoba tomoro yg oat apadeh itu lupa namanya, tp ga cocok di aku",kopi kenangan point coffee nyoba tomoro oat apadeh lupa namanya cocok,positive
06/2024,"tomoro, kopken, janjiw",tomoro kopi kenangan janjiw,neutral
06/2024,"Point cafe, sama kopken juga cocok",point coffee cafe kopi kenangan cocok,positive
06/2024,Kopken. Menurutku tomoro lebih enak yg non coffe-nya hehe,kopi kenangan menurutku tomoro enak non coffenya he,positive
06/2024,"Sejauh ini masih dipegang kopken, kapan² mau nyoba tomoro",dipegang kopi kenangan nyoba tomoro,positive
06/2024,"tomoro, point, fore, kopken, tuku, kopi di family mart",tomoro point coffee fore kopi kenangan tuku kopi family mart,positive
06/2024,Kopken! Karna kopinya strong. Kalo mau creamy tomoro juga,kopi kenangan kopinya strong creamy tomoro,positive
06/2024,"Kopken, point atau fore kalo akuuu Kalo yg sasetan gitu kapal api",kopi kenangan point coffee fore akuuu sasetan kapal api,positive
06/2024,"kecintaan aku kopken, point, sama fore nder... tomoro aku uda coba tp not my type, next aku mau coba tuku",kecintaan kopi kenangan point coffee fore tomoro uda coba not my type coba tuku,positive
06/2024,"tomoro, fore, point, kopken itu aku cocok sama rasanya tp yg friendly ke lambungku cuma kopken plis",tomoro fore point coffee kopi kenangan cocok friendly lambungku kopi kenangan plis,positive
06/2024,Kenapa aku ga kepikiran nyobain matchanya ya waktu di kopken...,terpikirkan nyobain matchanya kopi kenangan,negative
06/2024,"Kalo aku tim kopken nder, paling pas menurutku dari segi rasa sama harganya.",tim kopi kenangan pas menurutku segi harganya,positive
06/2024,"outlet kopken yg gede gini dimana sih, pengennn",outlet kopi kenangan gede gini sih pengennn,negative
06/2024,"Tuku, kopken, urban latte, point",tuku kopi kenangan urban latte point coffee,neutral
06/2024,klo kopi lebih suka kopi kenangan mantan dan family mart ksknyaa udah terenak menurut gua,kopi suka kopi kenangan family mart ksknyaa terenak,positive
06/2024,fore sm kopken kl akuu,fore kopi kenangan akuu,neutral
06/2024,"Point, kopken. Tomoro bru coba coklatnya",point coffee kopi kenangan tomoro coba coklatnya,positive
06/2024,"Kopken dua shot masih jadi andalan sampe hari ini, jgn lupa request less ice less sugar",kopi kenangan shot andalan lupa request ice gula,positive
06/2024,"tomoro enak, kopken ak jg sukak",tomoro enak kopi kenangan sukak,positive
06/2024,enakkan matcha kopken apa tomoro? kmrn nyobain tomoro enak bgt tp blm pernah nyobain yg kopken,enakkan matcha kopi kenangan tomoro nyobain tomoro enak banget nyobain kopi kenangan,positive
06/2024,Sejauh ini americano nya kopi kenangan masih juaraaa,americano nya kopi kenangan juaraaa,positive
06/2024,yummy coffe yg varian golden coffe punya Indomaret sama kopken sih yg paling cocok di aku,yummy coffe varian golden coffe indomaret kopi kenangan sih cocok,positive
06/2024,"Kalo lg pengen manis, lebih suka fore. Tp kalo mau yg serius dikit, nih enak bgt kopi kenangan creamy aren latte tp pake jawara beans trs less sugar. Less ice juga biar rasanya ga banyak berubah kena es yg mencair.",pengen manis suka fore serius dikit enak banget kopi kenangan creamy aren latte pakai jawara beans gula ice biar berubah kena es mencair,positive
06/2024,Belum pernah coba tomorrow sih tapi sejauh ini ak cocok sama kopken,coba tomorrow sih cocok kopi kenangan,positive
06/2024,"semenjak kenal tomoro, kopi merk lain b aja pdhl dlu tiap Minggu pasti order kopken",semenjak kenal tomoro kopi merk b pdhl order kopi kenangan,positive
06/2024,"Fore, kopken ,family mart, tomoro sih hehehe",fore kopi kenangan family mart tomoro sih hehehe,neutral
06/2024,IYAA SETUJUUU MATCHA KOPKEN EMANG ENAK BANGETTTT,iyaa setujuuu matcha kopi kenangan enak bangetttt,negative
06/2024,Matcha dan cromboloni kopken,matcha cromboloni kopi kenangan,neutral
06/2024,Kopken kalo gw nderrr bnr bnr berdebar-debar jadi takut,kopi kenangan nderrr bnr bnr berdebardebar takut,negative
06/2024,Ini kayak gue minum kopi kenangan mantan,kayak minum kopi kenangan,negative
06/2024,aku aman2 aja si klo fore tp kalo deg2an minum kopken gatau knp bisa gtu tbl,aman2 si fore deg2an minum kopi kenangan gatau gtu tbl,negative
06/2024,cobain yang punya kopken dah nder enakk bgt,cobain kopi kenangan deh enakk banget,positive
06/2024,Americano emng paitnya nagih sih. Bagus kok dripda yg pake gula. Biasanya aq pke americano kopi kenangan sih.,americano memang paitnya nagih sih bagus dripda pakai gula pke americano kopi kenangan sih,positive
06/2024,"ada yg pait banget spt janjiw, ada yg mild dan enak spt kopken my fav, ada yg hambar kyk kobokan, ada yg manis pooool",pait banget janjiw mild enak kopi kenangan my favorit hambar kobokan manis pooool,positive
06/2024,Yg enak itu americano kopken karena dia pait. Kurang suka yg americano ada rasa asemnya krn beda biji kopi sih dan gw ga nanya pake kopi apa(?),enak americano kopi kenangan pait suka americano asemnya beda biji kopi sih pakai kopi,positive
06/2024,kalo aku biasanya antara kopken/ejji,kopkenejji,neutral
06/2024,Apa yang menghaangimu. But i'm good with this kopken.,menghaangimu but im good with this kopi kenangan,positive
06/2024,Matcha fore 40k ternyata b aja anjir malah enakan kopken,matcha fore 40k b anjing enakan kopi kenangan,negative
06/2024,"Demiapa? Gua suka bgt matcha fore, malah takut mo cobain matcha kopken soalnya ijonya ngejreng",demiapa suka banget matcha fore takut cobain matcha kopi kenangan ijonya ngejreng,positive
06/2024,Aslii menurut gw lebih enak kopken. 22nya gw pesen no sugar,aslii enak kopi kenangan 22nya pesen gula,positive
06/2024,"Ini enak nggak sihhh, mirip ga sama matcha latte kopken?",enak sihhh mirip matcha latte kopi kenangan,positive
06/2024,"mbak kopken nya ramah banget, jadi beli terus xixixixixixi",mbak kopi kenangan nya ramah banget beli xixixixixixi,positive
06/2024,"abis nyobain luca ternyata mirip coklatnya kopken, cuma yg ini less sweet dikit",habis nyobain luca mirip coklatnya kopi kenangan sweet dikit,positive
06/2024,"Jd kepo, pankapan w coba deh matcha kopken",urusan pankapan coba deh matcha kopi kenangan,negative
06/2024,Iyaa enaaak matcha latte kopken mah Aku trus upgrade ke matcha espresso krn suka rasa kopi yg strong,iyaa enaaak matcha latte kopi kenangan mah upgrade matcha espresso suka kopi strong,positive
06/2024,Asli matchalatte nya kopken tu enak pollll,asli matchalatte nya kopi kenangan tu enak pollll,positive
06/2024,Rill aku secinta itu sama matcha kopken,rill secinta matcha kopi kenangan,neutral
06/2024,aaa pengen bgt tp disini gaada kopken :((,aaa pengen banget disini uang kopi kenangan,negative
06/2024,Kaannn emg matchanya kopken tu enaakkk cus berangkatt https://x.com/FOODFESS2/status/1799623368360214767?t=Wj3zk0tY0dIO7UfoUvt-Ug&s=19…,kaannn memang matchanya kopi kenangan tu enaakkk cus berangkatt,positive
06/2024,woi semua per matcha an kopken emg seenak itu....,woi matcha an kopi kenangan memang seenak,positive
06/2024,"point sm kopken, famima jg mayan",point coffee kopi kenangan famima mayan,positive
06/2024,jadi pengen ke kopken kenapa dom ku ga ada sih,pengen kopi kenangan dom ku sih,negative
06/2024,jd kepengen kopken,kopi kenangan,neutral
06/2024,"jadi pengen euy, cuma disini gaada kopken",pengen euy disini uang kopi kenangan,negative
06/2024,Tim kopi kenangan mantan no sugar surga dunia bet jirr,tim kopi kenangan gula surga dunia banget jirr,neutral
06/2024,kopken emg menunya enak enak smuaaa,kopi kenangan memang menunya enak enak smuaaa,positive
06/2024,kopken? kopi kenangan? oke besok coba,kopi kenangan kopi kenangan oke besok coba,positive
06/2024,Kopken itu pro isriwill apa engga?,kopi kenangan profesional isriwill engga,negative
06/2024,itu kwasong kopken enak kah nder?? kmrn aku beli donatnya gaenak keras pdhl rotinya enakk,kwasong kopi kenangan enak beli donatnya gaenak keras pdhl rotinya enakk,positive
06/2024,"Enak kak, cobain dulu yg kopken deh murah 18k soalnya kalo di tempat lain mahal -s",enak kak cobain kopi kenangan deh murah 18k mahal s,positive
06/2024,"kayaknya masih enakan matcha latte-nya point (meskipun aku baru coba yang frappe-nya). tapi menurutku matcha lawson > matcha kopken. kalau yang enak banget mah matcha-nya Tous Les JOURS (ik ini bukan matcha latte, tapi inj enak banget. recommended buat yang baru mau suka matcha)",kayaknya enakan matcha lattenya point coffee meskipun coba frappenya menurutku matcha lawson matcha kopi kenangan enak banget mah matchanya tous les jours ik matcha latte inj enak banget recommended suka matcha,positive
06/2024,Wow aku pernah ke kopken ga ya.. ga inget euy,wow kopi kenangan inget euy,positive
06/2024,kopken gaada yg gagal siii,kopi kenangan uang gagal siii,positive
06/2024,"eh pernah nyoba ini juga 2× ketagihan anjirr, less sugarnya matcha kopken top",eh nyoba 2 ketagihan anjirr sugarnya matcha kopi kenangan top,positive
06/2024,Kalo ga kopken ya fore,kopi kenangan fore,negative
06/2024,"Yummy choice, fm, kopken gak ada fotonya . Tomoro spannish aren latte ternyata enakk",yummy choice fm kopi kenangan gak fotonya tomoro spannish aren latte enakk,positive
06/2024,"Family mart kalau ada, kopken, yummy choice indomaret tapi yg ini jarang siii",family mart kopi kenangan yummy choice indomaret jarang siii,positive
06/2024,"Takkk, agak gmna gt k kopken teh, wkwk",takkk agak gmna kopi kenangan kakak perempuan wkwk,positive
06/2024,"fore paling enak sih menurutku, kopi tuku juga best bangett, kopi kenangan ini urutan ketiga enaknyaa",fore enak sih menurutku kopi tuku best bangett kopi kenangan urutan enaknyaa,positive
06/2024,Ku akuin per macthaan kopken enak2,ku akuin macthaan kopi kenangan enak2,positive
06/2024,Kopi Kenangan Mantan No Sugar,kopi kenangan gula,positive
06/2024,kalo ga janjiw ya kopken (ap aj yg promo) tuku skrg naik,janjiw kopi kenangan promo tuku,positive
06/2024,1. Fore 2. Kopken 3. Kopi buatan sendiri *kalau mau menghemat hahaha,1 fore 2 kopi kenangan 3 kopi buatan menghemat hahaha,positive
06/2024,"kopken soalnya deket rumah cuma 1km doang,mana wifinya cepet service placenya yg deket rumah oke bgt lg ramahh",kopi kenangan deket rumah 1km doangmana wifinya cepat service placenya deket rumah oke banget ramahh,positive
06/2024,"Kopi sachet kyk ABC, sm kopi yg Singapore punya itu krn kedai kopi yg kyk kopken, tomoro jauh2, even kalo mau nonton anime (kecuali case haikyuu kemarin ada di XXI pdhl kerja di kota tp kabupaten sm kota sebelah yg rame)",kopi sachet abc kopi singapore kedai kopi kopi kenangan tomoro jauh-jauh even nonton anime case haikyuu xxi pdhl kerja kota kabupaten kota sebelah ramai,positive
06/2024,kopi kenangan latte/mantan,kopi kenangan lattemantan,neutral
06/2024,kopi kenangan mantan best siii,kopi kenangan best siii,positive
06/2024,aku tim kopken si nder hehe,tim kopi kenangan si he,neutral
06/2024,Kaga cok minuman adat semester akhir mah klo ga americano family mart ya americano kopken karna murah,cok minuman adat semester mah americano family mart americano kopi kenangan murah,positive
06/2024,"gua pas jadi mahasiswa akhir beli kopken aja udah meriang bgt dompet, duit buat ngeprin skripsi, ngeprin gambar, ngeprin poster, beli bahan maket fore tu kalau lagi banyak duit aja",pas mahasiswa beli kopi kenangan meriang banget dompet duit ngeprin skripsi ngeprin gambar ngeprin poster beli bahan maket fore tu duit,negative
06/2024,gak pernah beli kopken yang kemasan,gak beli kopi kenangan kemasan,negative
06/2024,"enak tomoro kalo aku sih. aku gk suka matcha kopken, dia terlalu manis trs kek berasa bukan matcha aja gitu dimulut.",enak tomoro sih gk suka matcha kopi kenangan manis berasa matcha dimulut,positive
06/2024,"matcha yg balance rasanya ga gitu manis kata aku janjiw, klo matcha yg manis tuh lawson, point, kopken, sm tomoro, tpi bisa minta less sugar",matcha balance manis janjiw matcha manis tuh lawson point coffee kopi kenangan tomoro gula,positive
06/2024,"pernah beli kopken yg botolan begini, gk cocok sama rasanya, udh bener beli kopken yg di store aslinya",beli kopi kenangan botolan gk cocok udah benar beli kopi kenangan store aslinya,negative
06/2024,"Kopi seenak fore, tomoro, kopken, point coffee, kok msh ada aja yg mau minum boikot pdhal produk lokal ga kalah saing",kopi seenak fore tomoro kopi kenangan point coffee coffee minum boikot pdhal produk lokal kalah saing,negative
06/2024,"kalo matchanya menurut gua masih enakan kopken jauh sih, kalo kopinya hmmm oke lah",matchanya enakan kopi kenangan sih kopinya hmmm oke,positive
06/2024,"THIS! Pembelian pertama ku enak sekali, kupujapuji bikin IGS. Besok2nya beli lagi meh. Pindah outlet. Masih sama jg ga enak. Yo wes kembali ke kopken+point",this pembelian ku enak kupujapuji bikin igs besok2nya beli meh pindah outlet enak iya wes kopkenpoint,positive
06/2024,tomoro di kotaku matchanya b ajaaaa. masih enak matchanya kopken,tomoro kotaku matchanya b ajaaaa enak matchanya kopi kenangan,positive
06/2024,"lebih ke kopken sih nder. fore kemahalan buat yang serba akhir. either mahasiswa akhir, atau akhir bulannya pekerja umr ga nyampe.",kopi kenangan sih fore kemahalan serba either mahasiswa bulannya pekerja umr nyampe,negative
06/2024,Ga terlalu suka tommorow lebih suka kopken,suka tommorow suka kopi kenangan,negative
06/2024,Kalo suka yg agak kerasa matchanya coba beli kopken matcha oatside no sugar,suka agak kerasa matchanya coba beli kopi kenangan matcha oatside gula,positive
06/2024,kopken botol gaena sih kataku,kopi kenangan botol gaena sih kataku,negative
06/2024,"Matcha yg ini rasanya mirip ama kopken sebenarnya, harganya jg ga jauh beda.",matcha mirip kopi kenangan harganya beda,positive
06/2024,trauma sm ginian kemaren hype kopken gw nyoba alhasil b aja,trauma ginian hype kopi kenangan nyoba alhasil b,negative
06/2024,minuman non-coffee Tomoro yg enak apa selain ini? frappe choconya kurang berasa choconya.. enakan coklat kopken + janjiw,minuman noncoffee tomoro enak frappe choconya berasa choconya enakan coklat kopi kenangan janjiw,positive
06/2024,jujur beli yg matcha b aja. gak ada rasa matcha2nya pisan. malah lebih berasa kopken matchanya,jujur beli matcha b gak matcha2nya berasa kopi kenangan matchanya,positive
06/2024,"Tomoro punya app kayak kopken ga ya? Jadi kita bisa order dan bayar duluan, dateng tinggal ambil",tomoro app kayak kopi kenangan order bayar duluan dateng ambil,neutral
06/2024,"rekomendasiii donggg, time kopken mau coba jg ke tomorooo",rekomendasiii donggg time kopi kenangan coba tomorooo,positive
06/2024,"Udah cinta mati sama kopken, tp saatnya coba tomoro deh besok",cinta mati kopi kenangan coba tomoro deh besok,positive
06/2024,"point coffe, kopken, chatime, esteh. semua lg promo",point coffee coffe kopi kenangan chatime esteh promo,positive
06/2024,Lupaaaaaa... tadi mau beli solaria malah beli kopken,lupaaaaaa beli solaria beli kopi kenangan,negative
06/2024,Bjir kopken aja 30k kecil,bjir kopi kenangan 30k kecil,negative
06/2024,"Gede amatt, pernah beli cookiesnya kopken kecil 29k",gede amatt beli cookiesnya kopi kenangan kecil 29k,positive
06/2024,"2 2nya nder,kalo bikin biasanya paling basic Dolce latte. Tp kalo pingin yg aneh2 kaya matcha latte,avocado latte palm sugar,coconut latte etc w mending beli soalnya rumah Deket kopken",2 2nya nderkalo bikin basic dolce latte pingin aneh2 kaya matcha latteavocado latte palm sugarcoconut latte etc beli rumah deket kopi kenangan,positive
06/2024,beli karena ga suka kopi sachet dan kopken adalah jalan ninjaku karena paling deket,beli suka kopi sachet kopi kenangan jalan ninjaku deket,positive
06/2024,Tp kalo beli seringnya tomoro sama kopken,beli tomoro kopi kenangan,positive
06/2024,"Sama, baru nyoba punya kopken enak bgt dalemnya kayak es gim",nyoba kopi kenangan enak banget dalemnya kayak es gim,positive
06/2024,Cobain punya cromboloni kopken deh murah cuma 19k,cobain cromboloni kopi kenangan deh murah 19k,positive
06/2024,"Eh dom mana kok murah banget,disini aku nemu kalo yg proper gt yg 19k punya kopken/hollan bakery itu. Kalo beli dibakery/cafe malah mahal bgt",eh dom murah bangetdisini nemu proper 19k kopkenhollan bakery beli dibakerycafe mahal banget,negative
06/2024,Sama kopken enakan manaaa?,kopi kenangan enakan manaaa,positive
06/2024,Yg kopken juga enak kak,kopi kenangan enak kak,positive
06/2024,Masih favorit longblack point'. Sebenernya kangen banget sama kopi kenangan... Tapi udah lama gak beli Dan sekarang hampir sebulan gak ngopss.. air putih aja trussss,favorit longblack point coffee sebenernya kangen banget kopi kenangan gak beli hampir sebulan gak ngopss air putih trussss,positive
06/2024,pgn cobain kopken,cobain kopi kenangan,positive
06/2024,point sama kopken. no sugar semua,point coffee kopi kenangan gula,negative
06/2024,"matcha punya kopi kenangan enak, tapi minta yg less sugar",matcha kopi kenangan enak gula,positive
06/2024,aku sukaa tomoro ama kopkenn,sukaa tomoro kopkenn,positive
06/2024,"kopken, makaraja(kdi only), hagia(kdi only)",kopi kenangan makarajakdi only hagiakdi only,neutral
06/2024,"kopken yg matcha biasa, tomoro yg oat matcha latte n seasalt matcha enak juga",kopi kenangan matcha tomoro oat matcha latte seasalt matcha enak,positive
06/2024,point ama kopken enak bet dia,point coffee kopi kenangan enak banget,positive
06/2024,"Point x Tomoro x Goffee x Kopken. Tapi dari ke 4 merk ini, Goffee juara sih.",point coffee x tomoro x goffee x kopi kenangan 4 merk goffee juara sih,positive
06/2024,"- tomoro (plz enak bgt) - fore (kl suka creamy must try sih) - point (ini enaaakk tp janlup pesen yg less sugar ya) - lawson (enaaakk mirip2 tomoro) - kopken (ini kata org2 enak tp menurutku ya lumayan, soalnya after taste nya pahit (ak prefer yg pahitnya dari awal - akhir))",tomoro plz enak banget fore suka creamy must try sih point coffee enaaakk janlup pesen gula lawson enaaakk mirip2 tomoro kopi kenangan orang-orang enak menurutku lumayan after taste nya pahit prefer pahitnya awal,positive
06/2024,Jd keinget cookies nya kopken :( Enaa,keinget cookies nya kopi kenangan enaa,negative
07/2024,"Dum dum siii, cuma udh jarang. Jdinya kopken aja lah",dum dum siii udah jarang jdinya kopi kenangan,negative
07/2024,Aku waktu beli thai teanya kopken kok warnanya nggak sepekat ini ya,beli thai teanya kopi kenangan warnanya sepekat,negative
07/2024,"biasanya itu dpt yg udah seduhan akhir² kalo kental bgt itu seduhan awal², ini dikasih tau abang kopken nya",seduhan kental banget seduhan awal dikasih abang kopi kenangan nya,negative
07/2024,kopken kok yaa rasa thai tea sih tp yauda gitu aja ga sii,kopi kenangan yaa thai tea sih yauda sii,negative
07/2024,"Kurang lebih sama sih, tapi dumdum jugaa enak! Kecintaanku sih tetap thai tea kopken juaraaaa!",sih dumdum jugaa enak kecintaanku sih thai tea kopi kenangan juaraaaa,positive
07/2024,aku ga tau kalo kopken punya menu thai tea,kopi kenangan menu thai tea,positive
07/2024,"spill harga thai tea jco, kopi soe, sm kopken dongg",spill harga thai tea jco kopi soe kopi kenangan dongg,positive
07/2024,Kok pada bilang thai tea kopken enak si w cobain kopken ga enak deh,bilang thai tea kopi kenangan enak si cobain kopi kenangan enak deh,negative
07/2024,eh kopken enak kah??,eh kopi kenangan enak,negative
07/2024,cuma pernah coba yg di kopken,coba kopi kenangan,positive
07/2024,Thai tea kopken harganya brp kak klo boleh tau?,thai tea kopi kenangan harganya kak,neutral
07/2024,"1. Dumdum 2. Kopken Sedihnya, sekarang cari outlet dumdum susah, masih kebayang sama rasanya",1 dumdum 2 kopi kenangan sedihnya cari outlet dumdum susah kebayang,negative
07/2024,"Kopken tuh enakan yg less sugar apa no sugar? Aku pesen yg normal nauzubillah bener manis nyaa, sampe ga keminum:(",kopi kenangan tuh enakan gula gula pesen normal nauzubillah benar manis nyaa keminum,positive
07/2024,jco 25rb udh dpet donat kopi soe 25rb yg large kalo kecil 17rb kopken kyaknya 25rb juga aku lupa hehehee,jco 25rb udah dpet donat kopi soe 25rb large kecil 17rb kopi kenangan kyaknya 25rb lupa hehehee,positive
07/2024,pernah coba kopken kelupaan gulanya normal rasanya kaya minum air gula,coba kopi kenangan kelupaan gulanya normal kaya minum air gula,positive
07/2024,kopken enak tp menurutku kemanisan padahal udah selalu beli less sugar,kopi kenangan enak menurutku kemanisan beli gula,positive
07/2024,"dumdum,es teh indonesia,kopken",dumdumes kakak perempuan indonesiakopken,neutral
07/2024,Entar mau nyoba kopken,entar nyoba kopi kenangan,positive
07/2024,nyobain punya kopken imo kureng,nyobain kopi kenangan imo kureng,neutral
07/2024,Kemaren nyoba thai street enak! trus gatau sih diboikot apa nggak dan masih ada apa nggak. Tp duluuu sering minum thaiteanya dunkin krn enak bgt. Klo mau yg unik coba kopken ada menu collabnya ada peachnya dikit. Selain itu chatramue maybe,nyoba thai street enak gatau sih diboikot duluuu minum thaiteanya dunkin enak banget unik coba kopi kenangan menu collabnya peachnya dikit chatramue maybe,positive
07/2024,Ini sih!!! Juara 2 kopken bener,sih juara 2 kopi kenangan benar,negative
07/2024,thai teanya kopken? next deh,thai teanya kopi kenangan deh,positive
07/2024,Riilll thai tea kopken enak apalagi klo no sugar udah pas bgt deh itu buat ku,riilll thai tea kopi kenangan enak gula pas banget deh ku,positive
07/2024,"Dumdum ngga siiiiii, pernah cb kopken agak kurang. Tapi udh lupa sih rasanya, nnti cb lagi",dumdum siiiiii coba kopi kenangan agak udah lupa sih nnti coba,positive
07/2024,"Udh nyobain jco sm kopken, tp masih tetep paling enak dumdumm",udah nyobain jco kopi kenangan tetep enak dumdumm,positive
07/2024,"Kemarin minggu beli thai tea kopken yg ice dan yg hot, menurut gue lebih enak yg hot tapi minumnya tunggu dingin dulu trus tambahin es batu sendiri wkwkwk",beli thai tea kopi kenangan ice hot enak hot minumnya tunggu dingin tambahin es batu wkwkwk,positive
07/2024,1. Dum dum 2. Thai tea yang di Shabu Hachi 3. Kopken 4. Thai tea bebek kaleyo,1 dum dum 2 thai tea shabu hachi 3 kopi kenangan 4 thai tea bebek kaleyo,positive
07/2024,WOI IYAK KOPKEN ENAK tapi dumdum juga si,woi iyak kopi kenangan enak dumdum si,positive
07/2024,"menurutku : 1. dumdum 2. jco 3. kopken banyak yg belum aku cobain sih, tapi 3 itu enak banget",menurutku 1 dumdum 2 jco 3 kopi kenangan cobain sih 3 enak banget,positive
07/2024,betuuul belom lama aku liat kopken pake chatramue haha,betuuul lihat kopi kenangan pakai chatramue tertawa,negative
07/2024,kopken rasane kyk taiti pinggiran 7k,kopi kenangan rasane taiti pinggiran 7k,neutral
07/2024,kopken ni semua produknya enak semua deh kayaknya?! bahkan americano nya aku doyan bgt wkwk,kopi kenangan produknya enak deh kayaknya americano nya doyan banget wkwk,positive
07/2024,"Pdhl tiap ke kopken mau nyobain ini, tpi ujung2nya beli kopi sus",pdhl kopi kenangan nyobain ujung2nya beli kopi sus,positive
07/2024,"ih apaan thai tea kopken ga enakkk, paling enak pokonya thai tea tous les jours dahh itu bestt!!",ih thai tea kopi kenangan enakkk enak pokonya thai tea tous les jours dahh bestt,positive
07/2024,thai tea kopken enakkkk?? ohyaaa?,thai tea kopi kenangan enakkkk ohyaaa,positive
07/2024,Njirr thai tea kopken kaga enakkk anjjjjjj,njirr thai tea kopi kenangan enakkk anjjjjjj,negative
07/2024,kopken nanti aku coba deh,kopi kenangan coba deh,positive
07/2024,kopi kenangan masih yg terenak,kopi kenangan terenak,positive
07/2024,Kopken enakkk bgt si,kopi kenangan enakkk banget si,positive
07/2024,kopken ga enak plis enakan kopi nya,kopi kenangan enak plis enakan kopi nya,positive
07/2024,"Waw keknya kita satu selera ya nder soalnya jco+kopken emang enak. Kopi soe belom coba, next deh cobainn. Trs saran aku cobain thai tea thai street nder, tpi dengan catatan ga suka thai tea yg manis dan pengen berasa teh nya ya",waw kayaknya selera jcokopken enak kopi soe coba deh cobainn saran cobain thai tea thai street catatan suka thai tea manis pengen berasa kakak perempuan nya,positive
07/2024,"kopken b ajaaa si, next mau cobain jco",kopi kenangan b ajaaa si cobain jco,positive
07/2024,"gw kok ga merasa thai tea kopken enak ya, udah 2x beli karena rakyat twt bilang enak tapi masih ga nemu enak nya",thai tea kopi kenangan enak 2x beli rakyat twt bilang enak nemu enak nya,negative
07/2024,"Kopken manis bgtt thai teanya i ga like, sampe saat ini dumdum masih juara",kopi kenangan manis bgtt thai teanya i like dumdum juara,positive
07/2024,Yg kopken setuju sih Dua di atasnya blm nyoba,kopi kenangan setuju sih atasnya nyoba,positive
07/2024,"e tapi aku beliThai tea kopken kok encer bgt ya, ga kentel kek Thai tea gacoan",e belithai tea kopi kenangan encer banget kentel thai tea gacoan,positive
07/2024,tapi thai tea kopken kemanisan banget???,thai tea kopi kenangan kemanisan banget,positive
07/2024,padahal thai teanya kopken hambar air doang sama gula terus thai teanya tipis bgt,thai teanya kopi kenangan hambar air doang gula thai teanya tipis banget,negative
07/2024,akuu abru cobain kopken sama jco ajaaa,akuu abru cobain kopi kenangan jco ajaaa,positive
07/2024,EH SUMPAH GUE SERING LIAT DI PIM ORANG BELI THAI TEA NYA KOPKEN ENAK GASI?!!!,eh sumpah lihat pim beli thai tea nya kopi kenangan enak gasi,negative
07/2024,"iya w beli di kokas gaenak, malah enakan kopken",iya beli kokas gaenak enakan kopi kenangan,negative
07/2024,1. Dumdum 2. Kopi kenangan 3. TLJ Pengen nyoba thai teanya gacoan dah sebagai pecinta minuman pahit,1 dumdum 2 kopi kenangan 3 tlj pengen nyoba thai teanya gacoan deh pecinta minuman pahit,positive
07/2024,"Tapi kalo kena es dan udah cair pas sih mak, sama persis rasanya kaya di bkk wkwk. Cuma klo di sana bisa request less sugar aja bedanya. Aku malah penasaran sama punya kopken habis baca reviewmu",kena es cair pas sih ibu persis kaya bkk wkwk request gula bedanya penasaran kopi kenangan habis baca reviewmu,positive
07/2024,"Aku paling sering beli kopken, kentel thai teanya ndak aer tok.. kalo kemanisen bisa less sugar",beli kopi kenangan kentel thai teanya aer tok kemanisen gula,positive
07/2024,Kopken pernah beli sekali di pim dan pait banget kaya ga ada creamy2nya samsek ga suka Buat ku msh lbh enak jco dan gacoan Masih terdebest,kopi kenangan beli pim pait banget kaya creamy2nya suka ku lbh enak jco gacoan terdebest,positive
07/2024,"kopken ril sih enakk, klo di aceh menurutku yg enak tuh punya urban sama kopken, yg lain enak jg tp ya kek standar aja",kopi kenangan ril sih enakk aceh menurutku enak tuh urban kopi kenangan enak standar,positive
07/2024,"kopken emng seenak itu jir, apalagi klo panas",kopi kenangan memang seenak anjing panas,positive
07/2024,"Thai tea ak baru coba Chatime sama kopken, kopisoe dtmptku udh tutup rekomen dimana lagi ya?",thai tea coba chatime kopi kenangan kopisoe dtmptku udah tutup rekomen,negative
07/2024,"kopken kata gua rada pait dah, apa mulut gua aja ya?",kopi kenangan rada pait deh mulut,negative
07/2024,Dumdum paling best tp outletnya makin punah ke 2 kopken,dumdum best outletnya punah 2 kopi kenangan,negative
07/2024,"kopken perasaan b aja dee bahkan thai teanya kurang berasa, yg ada malah milk banget rasanya",kopi kenangan perasaan b dee thai teanya berasa milk banget,positive
07/2024,thai tea kopken gula doang ajggg,thai tea kopi kenangan gula doang ajggg,positive
07/2024,1. Dum dum 2. Jco 3. Kopken 4. Raa cha jg enak deh seingatku,1 dum dum 2 jco 3 kopi kenangan 4 raa cha enak deh seingatku,positive
07/2024,"thai tea dumdum masi yg terdabest. tapi kopken jg enak, cm ttp gbs ngalahin dumdum",thai tea dumdum masi terdabest kopi kenangan enak cm ngalahin dumdum,positive
07/2024,Tapi emang kopken lebih enak varian thai tea nya daripada kopinya,kopi kenangan enak varian thai tea nya kopinya,positive
07/2024,"Surga duniaku iniii, aku belum pernah coba di kopi soe sama kopken, aaaa noted deh, pan kapan aku coba, thanksssssssss",surga duniaku iniii coba kopi soe kopi kenangan aaaa noted deh pan coba thanksssssssss,positive
07/2024,"Plissss, kasih tau gw yg paling de bessssttt dr yg mana. Gw thai tea bangeeett. Tp yg gw beli cuman dr kopken doang nih..huhuhu",plissss kasih adik bessssttt dr thai tea bangeeett beli cuman dr kopi kenangan doang nihhuhuhu,positive
07/2024,Eh kopken juga ada yaa?,eh kopi kenangan yaa,negative
07/2024,"dumdum, tlj, jco, kopken. Top 4 terenak menurut akuuu",dumdum tlj jco kopi kenangan top 4 terenak akuuu,positive
07/2024,"YASSS! Kalo mau agak murahnya, bisa beli Thai Tea di kopken karena menurutku rasanya mirip, atau yg lebih mahalan dikit lagi ada TLJ dan Jco",yasss agak murahnya beli thai tea kopi kenangan menurutku mirip mahalan dikit tlj jco,positive
07/2024,thai tea kopken masih gacor,thai tea kopi kenangan gacor,neutral
07/2024,ke kopken ada syaratnya ga?,kopi kenangan syaratnya,neutral
07/2024,masih kopken mantan sama tomoro gulren kamu iya ? @fadilmmalik_ @cikitamajid,kopi kenangan tomoro gulren iya,neutral
07/2024,"Point coffee, kopi kenangan",point coffee coffee kopi kenangan,positive
07/2024,"Sesama req less sugar tetep kopken sih,point terlalu Manis(biar point bisa bersaing & real matcha, harus no sugar Karna dia type matcha manis bukan yg pait) buat ku yg matcha garis keras. Tapi kopken kalah sama tomoro. Belum tau nih tomoro vs feel matcha menang mana",req gula tetep kopi kenangan sihpoint manisbiar point coffee bersaing real matcha gula type matcha manis pait ku matcha garis keras kopi kenangan kalah tomoro tomoro vs feel matcha menang,negative
07/2024,"Belum coba yang dari Kopken, jadi milih Point Coffee.",coba kopi kenangan milih point coffee coffee,positive
07/2024,Kopken soalnya matchanya lebih strong gak se light point coffee,kopi kenangan matchanya strong gak terang point coffee coffee,negative
07/2024,kopken!! point coffee enak sebenernyaa tp dia manis bgt,kopi kenangan point coffee coffee enak sebenernyaa manis banget,positive
07/2024,Justru rasa matcha asli ya kek punya kopken. Kalo point coffee kemanisan.,matcha asli kopi kenangan point coffee coffee kemanisan,positive
07/2024,"Dua²nya enak tapi masih enakan kopi kenangan kayanya sih.. lebih ""matcha"" aja rasanya",duanya enak enakan kopi kenangan kayaknya sih matcha,positive
07/2024,"Lebih suka tomoro punya, tapi kopken boleh la",suka tomoro kopi kenangan,positive
07/2024,"Kopken enak bgt es nya ga gampang cair, kalo point coffee kalo udh cair menurutku kurang enak",kopi kenangan enak banget es nya gampang cair point coffee coffee udah cair menurutku enak,positive
07/2024,"bingung tapi pilih point coffee TAPI kopken juga enaknya ga nolak :' kelebihan kopken kalo es nya udah mencair dia tetep enak, liat di komen matcha oat espresso enak cuman aku belum pernah nyobain, 3 kali beli kopken semuanya yg aren latte matcha enak semua ga beda jauh sama aja",bingung pilih point coffee coffee kopi kenangan enaknya nolak kelebihan kopi kenangan es nya mencair tetep enak lihat komen matcha oat espresso enak cuman nyobain 3 beli kopi kenangan aren latte matcha enak beda,positive
07/2024,Kopi kenangan >>>>>>,kopi kenangan,positive
07/2024,Point coffee yg less sugar bhkn no sugar enak. Kopken matchanya berasa kek rumput bgt sihh. Pdhl suka bgt matcha Cobain di feel aja nder kalo pen yg bener² matcha,point coffee coffee gula bhkn gula enak kopi kenangan matchanya berasa rumput banget sihh pdhl suka banget matcha cobain feel pengen benar matcha,positive
07/2024,dulu point coffee tapi sejak kenal kopken aku jadi beralih wkwk,point coffee coffee kenal kopi kenangan beralih wkwk,neutral
07/2024,"kopkenn, matchanya berasa paitnya (pesen less sugar/no sugar) kl point coffee manis doang",kopkenn matchanya berasa paitnya pesen sugarno gula point coffee coffee manis doang,positive
07/2024,Fore enaak. Blm pernah nyoba point. Kopken b aja tp keknya mau nyoba yg oat.,fore enaak nyoba point coffee kopi kenangan b kayaknya nyoba oat,positive
07/2024,"point coffee enak bikin kenyang, mungkin krna manis banget ya dan itupun berujung sharing gk bisa ngabisin kl kopken blom pernah nyoba. matchanya fore juga enak, pasitu beli pas ada promoan",point coffee coffee enak bikin kenyang mungkin krna manis banget itupun berujung sharing gk ngabisin kopi kenangan blom nyoba matchanya fore enak pasitu beli pas promoan,positive
07/2024,"the best matcha buatku : kopi konnichiwa! hohooo tapi kopken juga udah enak sih point coffee jarang minum, jadi rasanya lupa2 ingat heheehh",best matcha buatku kopi konnichiwa hohooo kopi kenangan enak sih point coffee coffee jarang minum lupa2 ingat heheehh,positive
07/2024,"Tbh sukanya sbux yg pure matcha tanpa gula, sad skrg dah ga ada Soalnya bubuk2 matcha yg skrg dijual entah kopken, fore, point, sbux semuadah ada bawaan gula",tbh sukanya starbucks pure matcha gula sad deh bubuk2 matcha dijual kopi kenangan fore point coffee starbucks semuadah bawaan gula,negative
07/2024,"kopken less sugar. kalo point no sugar udh manis bgt, keknya emg dr powder matcha nya dah manis bgt. dua2nya enak cuma beda tipe matcha gitu. lebih enak fore",kopi kenangan gula point coffee gula udah manis banget kayaknya memang dr powder matcha nya deh manis banget dua2nya enak beda tipe matcha enak fore,positive
07/2024,"Kopken enak, tinggal less sugar/no sugar. Jujur point coffee gaenak samsek wkwkwk manis ga jelass",kopi kenangan enak sugarno gula jujur point coffee coffee gaenak wkwkwk manis jelass,positive
07/2024,"Belum pernah nyoba yg kopken, tapi yg point aku suka sih, tapi kalian kalau mau yg lebih kerasa matchanya cobain tomoro deh",nyoba kopi kenangan point coffee suka sih kerasa matchanya cobain tomoro deh,positive
07/2024,"kopken blm coba, point terlalu manis, fore the best",kopi kenangan coba point coffee manis fore best,positive
07/2024,"Kopken aku belum coba.. Tapi matchanya point enaaakkk.. tapi punya tomoro lebih enaaakkk di tomor matchanya lebih pekat, jadi ada sedikit hint pahit atau getirnya, dan aku suka sekaliiiii..",kopi kenangan coba matchanya point coffee enaaakkk tomoro enaaakkk tomor matchanya pekat hint pahit getirnya suka sekaliiiii,positive
07/2024,"Kopken less/half sugar, pait Baru sekali nyoba ini krn kopken mayan jauh dr rumahku. Point udh sampe halfsugar masi manis",kopi kenangan lesshalf gula pait nyoba kopi kenangan mayan dr rumahku point coffee udah halfsugar masi manis,positive
07/2024,"lebih enak kopken, point gatau kenapa manis bgt",enak kopi kenangan point coffee gatau manis banget,positive
07/2024,"baru pernah nyoba kopken, enakkk ada pahit”nyaa",nyoba kopi kenangan enakkk pahitnyaa,positive
07/2024,dlu pernah nyoba matchanya point dan kurang cocok di aku aku prefer matchanya kopken tpi yang less sugar,nyoba matchanya point coffee cocok prefer matchanya kopi kenangan gula,positive
07/2024,Point. Gapernah nyoba punya kopken sih...,point coffee gapernah nyoba kopi kenangan sih,neutral
07/2024,kopken point mnurutku agak kemanisan,kopi kenangan point coffee mnurutku agak kemanisan,positive
07/2024,matcha point coffee kaya gula:)))) kopken aja,matcha point coffee coffee kaya gula kopi kenangan,neutral
07/2024,Kopken heheheh enak ada kopinya,kopi kenangan heheheh enak kopinya,positive
07/2024,"dua duanya juga suka sii, tp yang kopken lebih kerasa bgt matcha nya",duanya suka sii kopi kenangan kerasa banget matcha nya,positive
07/2024,"kopken, jelas. tapi minta less sugar",kopi kenangan gula,negative
07/2024,"Kopken less ice less sugar kerasa bgt matchanya (suka yg ada pahitnya gitu), kalo point lebih ke susu jujur matchanya kurang berasa",kopi kenangan ice gula kerasa banget matchanya suka pahitnya point coffee susu jujur matchanya berasa,positive
07/2024,"tim kopken, kalo point kemanisan di gue",tim kopi kenangan point coffee kemanisan,positive
07/2024,"Kopken less sugar, tp masih ttp kemanisan di aku",kopi kenangan gula kemanisan,positive
07/2024,Kopken lebih berasaa apalagi less sugar,kopi kenangan berasaa gula,positive
07/2024,"Kalo matcha kopken si, masih kerasa paitnya",matcha kopi kenangan si kerasa paitnya,positive
07/2024,kopken matcha less sugar pake susu oat ENAKKK BGT,kopi kenangan matcha gula pakai susu oat enakkk banget,positive
07/2024,"Kopken tp less sugar, sorry point manis bngt walaupun udh pesen less sugar dan ga ada pait2nya, kalo Kopken tuh ada pait2nya",kopi kenangan gula maaf point coffee manis banget udah pesen gula pait2nya kopi kenangan tuh pait2nya,positive
07/2024,"kopken, point gaada pait paitnya",kopi kenangan point coffee uang pait paitnya,positive
07/2024,"Kopken, tp less sugar",kopi kenangan gula,positive
07/2024,Point ga enak terlalu manis dan rasa susu kopken masih paling cocok di lidahku sampe hari ini,point coffee enak manis susu kopi kenangan cocok lidahku,positive
07/2024,Kopken no sugar. Enak polllll. Pait2 nya kerasa bangettttt,kopi kenangan gula enak polllll pait2 nya kerasa bangettttt,positive
07/2024,"Kopken dan selalu blgnya less sugar, tapi kdg masih manis bgt, kadang ga manis samsek, ga konsisten huhu",kopi kenangan blgnya gula kdg manis banget kadang manis konsisten huhu,negative
07/2024,Kopken yang oat matcha latte less sugar enak bgt,kopi kenangan oat matcha latte gula enak banget,positive
07/2024,Kopken!!! Gatau kenapa point deket rumahku kureng.. enakan yg di kota ;(,kopi kenangan gatau point coffee deket rumahku kureng enakan kota,positive
07/2024,Matcha point manis doang bjir tp enak tp manis doangg kopken belum cobaa. Matcha fore oke sih gaterlalu rumput bgt tp ada rumputnya tp ga rumput bgt paham gasi,matcha point coffee manis doang bjir enak manis doangg kopi kenangan cobaa matcha fore oke sih gaterlalu rumput banget rumputnya rumput banget paham gasi,positive
07/2024,Point hehe. Matcha kopken terlalu matcha rasanya pahit tpi enak kok tetep,point coffee he matcha kopi kenangan matcha pahit enak tetep,negative
07/2024,Enaknya punya kopken sih sejauh ini,enaknya kopi kenangan sih,positive
07/2024,"Kalo matcha frappe lebih enak kopken, paitnya masih berasa.",matcha frappe enak kopi kenangan paitnya berasa,positive
07/2024,"pointt, gatau sii kalau kopken gaperna coba wkwk",pointt gatau sii kopi kenangan gaperna coba wkwk,negative
07/2024,"Yesss, justru matchanya Kopken itu yang lebih matcha banget",yesss matchanya kopi kenangan matcha banget,positive
07/2024,"Kopken dong. Lebih berasa matchanya, mirip FamiMart.",kopi kenangan berasa matchanya mirip famimart,positive
07/2024,"kopken less sugar, beuh ajib kerasa pait matcha nya. kalo point masih manis walaupun less sugar",kopi kenangan gula beuh ajib kerasa pait matcha nya point coffee manis gula,positive
07/2024,Kopken gasihhh,kopi kenangan gasihhh,positive
07/2024,kopken tu matchanya aneh gt gatau knp kalo dilidah gw. point enak tp suka kemanisan. gw lbh suka lawson atau famima,kopi kenangan tu matchanya aneh gatau dilidah point coffee enak suka kemanisan lbh suka lawson famima,positive
07/2024,KOPKEN!!!! asli keciwi berat sama matcha point menurutku gak ada matcha matcha nya plus manis poll,kopi kenangan asli keciwi matcha point coffee menurutku gak matcha matcha nya plus manis poll,positive
07/2024,"Kopken belom pernah coba kayaknya. Tapi point matcha nya kurang berasa. Kalo di bandingin sama family mart, masih mending matcha nya famicafe. Ntar coba yg kopken, biar bisa bandingin enakan mana sama fami cafe",kopi kenangan coba kayaknya point coffee matcha nya berasa bandingin family mart matcha nya famicafe coba kopi kenangan biar bandingin enakan fami cafe,positive
07/2024,point maniss bgt wkwkw tapi blm pernah coba matcha kopken,point coffee maniss banget wkwkw coba matcha kopi kenangan,positive
07/2024,Kopken sebab masih ada pahitnya,kopi kenangan pahitnya,negative
07/2024,Kopken big no kl matcha krn rasanya kek witch Potions,kopi kenangan big matcha witch potions,negative
07/2024,Kopken less sugar enak bgt!!!,kopi kenangan gula enak banget,positive
07/2024,kopken harganya gak beda jauh,kopi kenangan harganya gak beda,positive
07/2024,Kopken kayaknya belum pernah coba tpi kalo point tuh definisi matcha yaa matcha,kopi kenangan kayaknya coba point coffee tuh definisi matcha yaa matcha,negative
07/2024,Kawanku malah lebih suka matcha kopken,kawanku suka matcha kopi kenangan,positive
07/2024,kopken. point krg brasa matcha nya,kopi kenangan point coffee krg brasa matcha nya,positive
07/2024,"Kopken tp pesennya less sugar, kalo point matchanya gaada pait²nya",kopi kenangan pesennya gula point coffee matchanya uang paitnya,positive
07/2024,"Kopken blm pernah beli, tp match point enak sih pass buat yg gak terlalu suka pait di matcha",kopi kenangan beli match point coffee enak sih pass gak suka pait matcha,positive
07/2024,"Kopken no sugar Entah deh mungkin di daerahku aja ya, matchanya point ngga berasa matcha blas",kopi kenangan gula deh mungkin daerahku matchanya point coffee berasa matcha blas,positive
07/2024,"blm nyoba point, tp matcha less sugar kopken enak bgttt kayak matcha paling matcha",nyoba point coffee matcha gula kopi kenangan enak bgttt kayak matcha matcha,positive
07/2024,kopken huhu point manis bgt,kopi kenangan huhu point coffee manis banget,positive
07/2024,"point, kalo kopken enaknya yg matcha aren less sugar",point coffee kopi kenangan enaknya matcha aren gula,positive
07/2024,kopi kenangan yang signature lebih enak dari pada yang biasa wkwk,kopi kenangan signature enak wkwk,positive
07/2024,"kopken, tapi yang less sugar",kopi kenangan gula,positive
07/2024,"Kopken kalo normal sugar itu manis bangett ga kuat habisinnya. Point juga manis, enak di mulut tapi bikin ga enak tenggorokan",kopi kenangan normal gula manis bangett kuat habisinnya point coffee manis enak mulut bikin enak tenggorokan,positive
07/2024,"both, tergantung mood. klo lagi pengin rasa matcha yg 'lebih matcha' pilih kopken, klo lagi pengin yg 'light' pilih point",both tergantung mood pengin matcha matcha pilih kopi kenangan pengin terang pilih point coffee,positive
07/2024,kopken yg no sugar,kopi kenangan gula,neutral
07/2024,"Kopken for sure, point punya MANIS BGT",kopi kenangan for sure point coffee manis banget,neutral
07/2024,Kopken Klo point tuh lebih menang rasa gulanya drpd matchanya. Rekom buat menu point tuhh caramel Crunchy,kopi kenangan point coffee tuh menang gulanya matchanya rekom menu point coffee tuhh caramel crunchy,positive
07/2024,gabisa milih sih kopken enak tapi kemanisan point coffee enak jg tapi kurang nendang matchanya,gabisa milih sih kopi kenangan enak kemanisan point coffee coffee enak nendang matchanya,positive
07/2024,kopken plisss dia dupe nya sbux bgt,kopi kenangan plisss dupe nya starbucks banget,positive
07/2024,Belum pernah nyoba matcha kopken,nyoba matcha kopi kenangan,negative
07/2024,kopken lansng cocok,kopi kenangan lansng cocok,positive
07/2024,Kopken tapi namanya macthaaaa tetap,kopi kenangan namanya macthaaaa,positive
07/2024,Kopken less sugar. Point coffee terlalu manis,kopi kenangan gula point coffee coffee manis,positive
07/2024,kopken less/no sugar best bgt nder hahaha,kopi kenangan lessno gula best banget hahaha,positive
07/2024,"aku apapun tim kopken, kurang cocok aja sm point",apapun tim kopi kenangan cocok point coffee,negative
07/2024,Kopken matchanya enak banget jrit,kopi kenangan matchanya enak banget jrit,positive
07/2024,"matchanya kopken terlalu ori alias rumput bgt coyyy tp enak dia wangi dan pahit, kesalahanku waktu itu adalah belinya kopi mix matcha dobel combo menyiksa kalo point maniiiis tp enak si tp ga strong",matchanya kopi kenangan ori alias rumput banget coyyy enak wangi pahit kesalahanku belinya kopi mix matcha dobel combo menyiksa point coffee maniiiis enak si strong,positive
07/2024,Kopken kafein matchanya lebih tinggi,kopi kenangan kafein matchanya,negative
07/2024,"Point lah, kopken gula doang",point coffee kopi kenangan gula doang,negative
07/2024,Point wkwkwk apes gw kopken manis manis bgt ngent,point coffee wkwkwk sial kopi kenangan manis manis banget ngent,negative
07/2024,kopken matcha nya lebih kerasa apalagi less sugar,kopi kenangan matcha nya kerasa gula,positive
07/2024,blm pernah kopken,kopi kenangan,neutral
07/2024,Kopken sih yg less sugar ya pahitnya masih kerasa dan itu yg bikin enak,kopi kenangan sih gula pahitnya kerasa bikin enak,positive
07/2024,kopken point manis bgt,kopi kenangan point coffee manis banget,positive
07/2024,KOPKEN LESS SUGAR ENAK BGT!!!,kopi kenangan gula enak banget,negative
07/2024,kopken yg less sugar sumpa deh cobain,kopi kenangan gula sumpa deh cobain,positive
07/2024,Belum nyoba yang kopken tapi katanya enak,nyoba kopi kenangan enak,positive
07/2024,"Kopken!! Matcha dia terbaik parah, apalagi yg store nya deket kantor aku tu lebih enak drpada store lainnya gatau kenapaa",kopi kenangan matcha terbaik parah store nya deket kantor tu enak drpada store gatau kenapaa,positive
07/2024,ak suka matcha yg pait tp yg kopken trlalu pait di lidah akuu jdi lebih pilih point walau kurang berasaa,suka matcha pait kopi kenangan pait lidah akuu pilih point coffee berasaa,positive
07/2024,Point manis banget kopken juga sekarang berasa lebih manis,point coffee manis banget kopi kenangan berasa manis,positive
07/2024,"Point Walaupun ak setiap hari ngopi di kopken, tapi point my love",point coffee ngopi kopi kenangan point coffee my love,positive
07/2024,Kopken lebih strong matchanyaa,kopi kenangan strong matchanyaa,positive
07/2024,"point, kopken kurang berasa match nya",point coffee kopi kenangan berasa match nya,negative
07/2024,Kopken no sugar udh mantep bangeettt!!!,kopi kenangan gula udah mantap bangeettt,positive
07/2024,"kopken sih, tp btw ak ko gaperna dpt cup itu yah",kopi kenangan sih ngomong-ngomong ko gaperna cup yah,neutral
07/2024,"murceee, dibanding cookies kopken harganya beda tivisss",murceee dibanding cookies kopi kenangan harganya beda tivisss,positive
07/2024,jadi pengen coba kopken,pengen coba kopi kenangan,positive
07/2024,kopken karena ada paitnya,kopi kenangan paitnya,neutral
07/2024,"hmmzz aku suka kopken sih, point juga enakk cuma kdg kurang berasa matchanya",hmmzz suka kopi kenangan sih point coffee enakk kdg berasa matchanya,positive
07/2024,point cocok rasanya ketimbang yang kopken,point coffee cocok ketimbang kopi kenangan,positive
07/2024,"belum rasa yang di Point, tp kopken enak banget coyy karna aku tau bubuk matcha yang mahal dan enak itu yang bagaimana",point coffee kopi kenangan enak banget coyy bubuk matcha mahal enak,positive
07/2024,"Kopi kenangan, Matcha Espresso",kopi kenangan matcha espresso,positive
07/2024,Kopken no sugar. Yg less aja msh kemanisan,kopi kenangan gula kemanisan,negative
07/2024,"ak cuma pernah nyobain yg kopken, bjirr rill pait beneran kyk rumput, kalo suka tipe matcha yg pahit mending beli kopken",nyobain kopi kenangan bjirr rill pait beneran rumput suka tipe matcha pahit beli kopi kenangan,negative
07/2024,Kopken baru point. Tapi let see point tp less sugar,kopi kenangan point coffee let see point coffee gula,negative
07/2024,"blm pernah coba kopken, tp terakhir beli point tuh kek anyep rasanya gada manis gada pahit",coba kopi kenangan beli point coffee tuh anyep gada manis gada pahit,positive
07/2024,poiiiinttt!!! kalo yang kopken juga enak tapi harus less sugar,poiiiinttt kopi kenangan enak gula,negative
07/2024,"Kopken blum coba, tapi point coffee rilllllll wuenakk",kopi kenangan coba point coffee coffee rilllllll wuenakk,positive
07/2024,Kopken yg matchapresso less sugar enakk,kopi kenangan matchapresso gula enakk,positive
07/2024,Point. Kopken kayak rumput,point coffee kopi kenangan kayak rumput,negative
07/2024,Point si. Kopken kek manis banget pdahak minta less sugar. Tapi kata orang” kalo mau request mending yang no sugar/? Ga manis dong,point coffee si kopi kenangan manis banget pdahak gula request gula manis,negative
07/2024,Nder hrs cobain matcha nya shell deli 2 go lebih enak dr point kopi menurutku. Kalo kopken blm pernah nyoba sih,cobain matcha nya shell deli 2 go enak dr point coffee kopi menurutku kopi kenangan nyoba sih,positive
07/2024,"kopken less sugar, rumputnya ada bgt",kopi kenangan gula rumputnya banget,negative
07/2024,kopken yang less sugar,kopi kenangan gula,positive
07/2024,"poin terlalu maniss sih, so far aku lebih sukaa matcha kopken",poin maniss sih so far sukaa matcha kopi kenangan,positive
07/2024,"kopken, less sugar tp",kopi kenangan gula,positive
07/2024,"belum perna coba point, tp oat matcha kopken enak bgttt, jd ga penasaran ama matcha dr brand lain",perna coba point coffee oat matcha kopi kenangan enak bgttt penasaran matcha dr brand,positive
07/2024,aku cocok kopken,cocok kopi kenangan,positive
07/2024,"KOPKEN. SMSNSMDJSKS KOPKEN MATCHAMYA MASIH JUARA BGTTTT BLM ADA YANG NGALAHIIINNN. matcha point tu kurang berasa buat aku, mungkin karena campurannya banyak ya? kalo kopken beneran enaaaaak bgt, cobain oatside matcha latte no sugar, dijamin lidah km dimanjain bgt sama matchanya",kopi kenangan smsnsmdjsks kopi kenangan matchamya juara bgtttt ngalahiiinnn matcha point coffee tu berasa mungkin campurannya kopi kenangan beneran enaaaaak banget cobain oatside matcha latte gula dijamin lidah dimanjain banget matchanya,positive
07/2024,"Belum pernah nyoba yg kopken, tapi yg point aku sukaaa",nyoba kopi kenangan point coffee sukaaa,positive
07/2024,"Kalo pengen matcha banget kopken, kalo pengen matcha 'gula' ya point",pengen matcha banget kopi kenangan pengen matcha gula point coffee,negative
07/2024,"kopken, matchanya lebih pahit",kopi kenangan matchanya pahit,negative
07/2024,kopken!!!!!!!! enak bgttt emng si yg point juga enak tp KOPKEN!,kopi kenangan enak bgttt memang si point coffee enak kopi kenangan,positive
07/2024,kopken tp less sugar,kopi kenangan gula,positive
07/2024,"kopken, matcha poin masih manis bgt mnurutku",kopi kenangan matcha poin manis banget mnurutku,positive
07/2024,"Kopken no sugar the best sih so far, tapi belum coba yang punya point coffee juga :/",kopi kenangan gula best sih so far coba point coffee coffee,positive
07/2024,"kopken matcha nya enaaakk banget. pas nyoba point, b aja.",kopi kenangan matcha nya enaaakk banget pas nyoba point coffee b,positive
07/2024,"sebagai barista kopken, saya merasa terpanggil hahahhaha",barista kopi kenangan terpanggil hahahhaha,positive
07/2024,"lupa yg rasanya kopken, seringnya beli di point tapi half sugar",lupa kopi kenangan beli point coffee half gula,positive
07/2024,kopken less sugar lebih kerasa paitnya,kopi kenangan gula kerasa paitnya,positive
07/2024,"kopken lah coy, point mah udah minta less bahkan no sugar aje masih manis parah.",kopi kenangan coy point coffee mah gula aje manis parah,negative
07/2024,"Iuhh, kopken matcha ga enak woi ! Klo kopinya okelah",iuhh kopi kenangan matcha enak woi kopinya okelah,negative
07/2024,Kopken Tapi diluar itu suka Matcha cloud Tomoro,kopi kenangan diluar suka matcha cloud tomoro,positive
07/2024,Point lah. Kopi kenangan terlalu manis,point coffee kopi kenangan manis,positive
07/2024,"belum pernah coba punya kopken, tp point enak",coba kopi kenangan point coffee enak,positive
07/2024,"Point belom pernah, tapi kopken enak parahh",point coffee kopi kenangan enak parahh,positive
07/2024,Kopken enak bgtttttt,kopi kenangan enak bgtttttt,positive
07/2024,"kopken lahhh, point mah manis doang ga ada matcha matchanyaa",kopi kenangan lahhh point coffee mah manis doang matcha matchanyaa,negative
07/2024,"Nyoba yg point masih kayak susu rasa macha. Moga aj kopken rasa macha nya keluar, jadi pengen malah abis liat pic. Tapi rasa macha terbaik yg pernah saya minum ad di Kafe nya Umbul Sidomukti, Bandungan. Mana jauh lagi klo mau beli",nyoba point coffee kayak susu macha moga kopi kenangan macha nya keluar pengen habis lihat pic macha terbaik minum kafe nya umbul sidomukti bandungan beli,positive
07/2024,Kopken pilih less sugar kak,kopi kenangan pilih gula kak,neutral
07/2024,"Kopte, kopken atau tuku. Tergantung tempat sih, kalo di kampus kopte, kalo dikos ya kopken, kalo lg jalan gt biasanya tukh",kopte kopi kenangan tuku tergantung sih kampus kopte dikos kopi kenangan jalan tukh,positive
07/2024,"Org2 bilang tuku enak bgt. Tapi gatau knpa , aku kurang suka. Udah kecantolnya kopken , yg kenangan mantan",orang-orang bilang tuku enak banget gatau suka kecantolnya kopi kenangan kenangan,negative
07/2024,"lupa rasanya, tp kayaknya enak kopken deh. lebih mantep rasa matcha-nya",lupa kayaknya enak kopi kenangan deh mantap matchanya,positive
07/2024,Kopken reguler tapi Yang less sugar enak banget,kopi kenangan reguler gula enak banget,positive
07/2024,pengen cobain kopken kelupaan mulu,pengen cobain kopi kenangan kelupaan melulu,positive
07/2024,"Kopken, gula 10% behhh enakkkk bgt",kopi kenangan gula 10 behhh enakkkk banget,positive
07/2024,menurutku enak sih karena kerasa bgt kopinya tapi aku lebih suka kopken sih wklwkwkw,menurutku enak sih kerasa banget kopinya suka kopi kenangan sih wklwkwkw,positive
07/2024,Aku suka 22nya. Kopken lbh kerasa matchanya tp too sweet pgn nyoba yg less sugar tp takut kurang manis hahaha klo matcha point kyk comfort gitu,suka 22nya kopi kenangan lbh kerasa matchanya too sweet nyoba gula takut manis hahaha matcha point coffee comfort,positive
07/2024,Belum ngerasain kopken,ngerasain kopi kenangan,negative
07/2024,kopken. point masih terlalu manis walaupun less sugar,kopi kenangan point coffee manis gula,negative
07/2024,"*26k deng skrg wkwk. Jadi mahal janji jiwa njirr, sama2 milo bisa goyang ke kopken atau chatime menu reguler",26k deng wkwk mahal janji jiwa njirr sama2 milo goyang kopi kenangan chatime menu reguler,negative
07/2024,"Klo aku pgn yg ada manisnya pst point tpi half sugar atau no sugar tpi enakan tomoro, klo mau cup yg gede ya kopken, matchanya fore jg enak",manisnya point coffee half gula gula enakan tomoro cup gede kopi kenangan matchanya fore enak,positive
07/2024,Belum nyoba yg point si tp kopken sejauh ini enak,nyoba point coffee si kopi kenangan enak,positive
07/2024,"Tergantung kondisi duit, klo hemat beli yummy coffee Kalo ga, beli kopken sama tomoro wkwk",tergantung duit hemat beli yummy coffee beli kopi kenangan tomoro wkwk,positive
07/2024,"jd keinget aku minum matcha kopken no sugar yg large, besoknya pas bab warnanya ijo muda kayak matcha susu",keinget minum matcha kopi kenangan gula large besoknya pas bab warnanya ijo muda kayak matcha susu,positive
07/2024,ko bisaa? aku sering minum kopken matcha/greentea tapi ga jadi warna ijo juga pupinyaa,ko bisaa minum kopi kenangan matchagreentea warna ijo pupinyaa,negative
07/2024,"gatauuu, pacarku jg cerita dia hbs minum kopken matcha kayak gitu juga, makanya agak trauma tp enak bgt pdahal",gatauuu pacarku cerita hbs minum kopi kenangan matcha kayak agak trauma enak banget pdahal,positive
07/2024,"Aku sering bgt bikin dupenya Kopi Dolce kopken, cmn pake kopi nescafe atau indocafe, fresh milk (greenfield) sm condensed milk, rasanya jd creamy bgtt enakkkk. Kl lg pengen yg manis2, pake susu ultra yg strawberry sm kopi item juga enakkk",banget bikin dupenya kopi dolce kopi kenangan cmn pakai kopi nescafe indocafe fresh milk greenfield condensed milk creamy bgtt enakkkk pengen manis2 pakai susu ultra strawberry kopi hitam enakkk,positive
07/2024,Apalagi soft cookies kopken enak bgttttt bgttt,soft cookies kopi kenangan enak bgttttt bgttt,positive
07/2024,"hiks point lewat mulu, mff y ak selingkuh ke kopken bntr",hiks point coffee melulu mff selingkuh kopi kenangan bntr,negative
07/2024,kopken selalu promo diskon 25k kalo pake blu,kopi kenangan promo diskon 25k pakai blu,positive
07/2024,lebih berasa kopinya di kopken,berasa kopinya kopi kenangan,positive
07/2024,Kopken lah ambil yg jumbo 20rbu,kopi kenangan ambil jumbo 20rbu,neutral
07/2024,"famima. kopken sebenernya enak, taapi aku gabisa, deg degan abis minum kopken T_T",famima kopi kenangan sebenernya enak taapi gabisa deg degan habis minum kopi kenangan tt,positive
07/2024,KSK Fami or Kopken beli di app nya -> pick up biar lebih murah,ksk fami or kopi kenangan beli app nya pick up biar murah,neutral
07/2024,"Family mart ada diskon sampe tgl 31, KSK yg large 15rb. Kopken ga ada promo. Indomaret point juga hr ini terakhir promo 15rb yg himalayan butter",family mart diskon tanggal 31 ksk large 15rb kopi kenangan promo indomaret point coffee promo 15rb himalayan butter,neutral
07/2024,"aku pas awal minumnya kopi kenangan mantan less sugar. yang creamy aren latte juga nyaman. atau kopi susu keluarga family mart, itu oke nder ga bikin mual.",pas awal minumnya kopi kenangan gula creamy aren latte nyaman kopi susu keluarga family mart oke bikin mual,positive
07/2024,"Famima oke, kopken lbh oke",famima oke kopi kenangan lbh oke,positive
07/2024,Kopken lup wkwkw,kopi kenangan lup wkwkw,negative
08/2024,"Kopken yang kopsus mantan, Starbucks yang scm, Titik Koma aku lupa dan yang terakhir Disaat ngopi yang sea salt versi murahnya",kopi kenangan kopsus starbucks scm titik koma lupa disaat ngopi sea salt versi murahnya,positive
08/2024,Lg suka kopken,suka kopi kenangan,positive
08/2024,kopken sama haus biasanya mah,kopi kenangan haus mah,positive
08/2024,"Esbatu, kopi kenangan yg botol original black coffe ditambah oatside milk yg barista blend trs pakein gula cair secukupnya, MANTUL",esbatu kopi kenangan botol original black coffe ditambah oatside milk barista blend pakein gula cair mantul,positive
08/2024,"-5 sendok (aku pake sendok sambel kecil) kapal api classic -200 ml ultramilk karamel Ultramilknya dipanasin sampe mendidih trs tuang ke kopi. Klo yg suka manis boleh pake yg ultramilk mocca, tp aku ga suka manis jd pake karamel udh pas kek beli coffe latte di kopi kenangan/fore",5 sendok pakai sendok sambel kecil kapal api classic 200 ml ultramilk karamel ultramilknya dipanasin mendidih tuang kopi suka manis pakai ultramilk mocca suka manis pakai karamel udah pas beli coffe latte kopi kenanganfore,positive
08/2024,"Iya kaak sesimpel ituu Aku biasanya pake kelapa tua, tp kelapa muda jg okeee biasanya lebih manis Dulu di kopken juga ada menu ini, mereka pake hydro coco",iya kaak sesimpel ituu pakai kelapa tua kelapa muda okeee manis kopi kenangan menu pakai hydro coco,positive
08/2024,tor*bik* creamy latte sedikit air panas campur es batu rasanya 11 12 sama kopken. mungkin klo ditambah susu uht bakal lebih gurih,torbik creamy latte air panas campur es batu 11 12 kopi kenangan mungkin ditambah susu uht gurih,positive
08/2024,"Bener, di kopken juga ada tp udh discontinued jg ganti jd roasted coconut coffee tp rasanya bedaaa ga seseger ini",benar kopi kenangan udah discontinued ganti roasted coconut coffee bedaaa seseger,negative
08/2024,aku suka tuku tp karna storenya jauh aku lebih milih kopken,suka tuku storenya milih kopi kenangan,positive
09/2024,i love matcha tapi prefer matcha nya kopken jdi kalo ke fore yaa butterscoth kalo ga cappucino caramel?,i love matcha prefer matcha nya kopi kenangan fore yaa butterscoth cappucino caramel,positive
09/2024,"iya soalnya pake biji kopi arabica,kalo robusta coba ke coffeeshop lain di kopken setau gw ada yg robusta",iya pakai biji kopi arabicakalo robusta coba coffeeshop kopi kenangan setau robusta,positive
09/2024,Oh ini toh kopken yang baru,kopi kenangan,negative
09/2024,Aku suka keju. Jadi happy bgt ada varian cheese nya kopken,suka keju bahagia banget varian cheese nya kopi kenangan,positive
09/2024,"udahhhh, kopken cloud caramel machiato hari iniii",udahhhh kopi kenangan cloud caramel machiato iniii,negative
09/2024,"tiap hari gua beli kalo ga point, kopken, apa tuku. kalo dipikir 25rb an untuk kopi masih lumayan yak tapi kalo kaga ngopi pusing dah.",beli point coffee kopi kenangan tuku dipikir 25rb an kopi lumayan yak ngopi pusing deh,negative
09/2024,capuccino nya kopken,capuccino nya kopi kenangan,positive
09/2024,"tuku, kopi djadoel, kopken",tuku kopi djadoel kopi kenangan,neutral
09/2024,"tuku: kopi susu tetangga fore: pandan latte, salted caramel mocha, berry manuka americano kopi kenangan: kenangan mantan, mocha family mart: kopi susu keluarga",tuku kopi susu tetangga fore pandan latte salted caramel mocha berry manuka americano kopi kenangan kenangan mocha family mart kopi susu keluarga,positive
09/2024,"1. Fore, based kopinya enak jadi ke semua varian kopinya enak 2. Sbucks, jujur aja emang enak sih kopi'nya 3. Kopken, ini sbenernya americanonya kurang banget sih tapi buat varian kopi susunya enak-enak 4. Point coffee, ini juga lumayan sih based kopinya",1 fore based kopinya enak varian kopinya enak 2 sbucks jujur enak sih kopinya 3 kopi kenangan sbenernya americanonya banget sih varian kopi susunya enakenak 4 point coffee coffee lumayan sih based kopinya,positive
09/2024,"tuku, fore, dan kopken sejauh ini",tuku fore kopi kenangan,positive
09/2024,"tubuhku ku yg aslam dan kena kafein langsung melek kalo minum point kopi saku dengan dolce latte atau kopken caramel macchiato kaa, kalo kakaknya ga aslam mending langsung americano point mayan si",tubuhku ku asam lambung kena kafein melek minum point coffee kopi saku dolce latte kopi kenangan caramel macchiato kaa kakaknya asam lambung americano point coffee mayan si,positive
09/2024,"kopken yg kenangan mantan/double shaken, fore yang butterscotch, couvee yang java sm everyday latte, cosan yng himalaya, tuku kopi tetangga, yang penting latte & creamy is + point",kopi kenangan kenangan mantandouble shaken fore butterscotch couvee java everyday latte cosan yng himalaya tuku kopi tetangga latte creamy is point coffee,positive
09/2024,"Sorry, exelso tetep dihati, kopi kenangan sama jokopi fav, poin coffe juga ga kalah enak, kopi tuku unnderrate yang ga bakal bisa diganti, fore buat main main, kopi calf kopi selingan lain. Selain brand yang itu buanyak banget kopi lokal yang enak juga.",maaf exelso tetep dihati kopi kenangan jokopi favorit poin coffe kalah enak kopi tuku unnderrate diganti fore main main kopi calf kopi selingan brand buanyak banget kopi lokal enak,positive
09/2024,udaahh!! dan emang enakk bgt wangi kopinya keluar bgt tapi ya itu harganya lumayan yaa jd balik lagi ke kopken,udaahh enakk banget wangi kopinya keluar banget harganya lumayan yaa kopi kenangan,positive
09/2024,"tergantung kondisi dompet, kalo lagi kaya fore kopken, kalo lagi missqueen nescafe dikasi creamer",tergantung dompet kaya fore kopi kenangan missqueen nescafe dikasi creamer,neutral
09/2024,"Itu kopken bisa, point coffee",kopi kenangan point coffee coffee,neutral
09/2024,"lawson, circle K, tuku, point, kopken, semua bisa deh. aku biasanya se tumbler sbu* itu bisa yg size regular di semua",lawson circle tuku point coffee kopi kenangan deh tumbler sbu size regular,positive
09/2024,Kopken Tuku Janjiw Point Coffee,kopi kenangan tuku janjiw point coffee coffee,positive
09/2024,Enaaakk pol menurutku ini versi kopken yg kenangan mantan tp lebih creamy. Mana pas masuk tuh bau kopinya enaaaakkkkk puol jgn lupa bawa tumblr sendiri mayan -3k hehe,enaaakk pol menurutku versi kopi kenangan kenangan creamy pas masuk tuh bau kopinya enaaaakkkkk puol lupa bawa tumblr mayan 3k he,positive
09/2024,"4/5 karena terlalu strong, 5/5 kopi kenangan",45 strong 55 kopi kenangan,negative
09/2024,tadi beli kopi kenangan tapi ga ada foto,beli kopi kenangan foto,neutral
09/2024,"gaiss, aku ga doyan kopi tapi fomo pengin minum kopi tolong dong rekomendasiin kopi yang gak bikin lambung berguncang, enakan tomoro, fore, kopken, atau janjiw. soalnya aku kalo minum kopi perutnya lgsg blubuk2",gaiss doyan kopi fomo pengin minum kopi rekomendasiin kopi gak bikin lambung berguncang enakan tomoro fore kopi kenangan janjiw minum kopi perutnya blubuk2,negative
09/2024,kopken caramel latte haduu tidak aku foto tapi,kopi kenangan caramel latte haduu foto,positive
09/2024,Ice mocha lattenya kopken nambah es krim vanilla karena kepingin mocha float k*c,ice mocha lattenya kopi kenangan nambah es krim vanilla mocha float kc,positive
09/2024,aakk kopken jg.. kenangan mantan,aakk kopi kenangan kenangan,positive
09/2024,Baru tdi cobain menu baru dri kopken buttercotch aren latte .bagi yg doyan kopi strong pas bngt ini,cobain menu kopi kenangan buttercotch aren latte doyan kopi strong pas banget,positive
09/2024,"nyicip butterscotch kopkennya paksu, jauh enakan fore asli",nyicip butterscotch kopkennya paksu enakan fore asli,positive
10/2024,"di beberapa gerai kopi kenangan, mereka ada jual soft cookies harganya 12rban/pc dan rasanya lumayan ok bgtt",gerai kopi kenangan jual soft cookies harganya 12rbanpc lumayan ok bgtt,positive
10/2024,"di dom mana, kak? di domku cookiesnya kopken start from 19ribuan/pcs dan rasanya kemanisan",dom kak domku cookiesnya kopi kenangan start from 19ribuanpcs kemanisan,positive
10/2024,woah thanks infonya bisa nih klo pas mampir kopken,woah terima kasih infonya pas mampir kopi kenangan,positive
10/2024,baru tau kopken ada cookies nya. di semua outlet kah ka? -ns,kopi kenangan cookies nya outlet kakak ns,positive
10/2024,lg suka kopken anjay,suka kopi kenangan anjay,positive
10/2024,maaf mending beli toastnya kopken,maaf beli toastnya kopi kenangan,neutral
10/2024,"Udah, 1st time nyobaik kopken butterscotch wkwk",1st time nyobaik kopi kenangan butterscotch wkwk,neutral
10/2024,"Gaperna beli gue, belinya kopken",gaperna beli belinya kopi kenangan,neutral
10/2024,"Guys nanya dong cara bikin salted caramel sirup tp dia bisa larut di kopi dingin itu resepnya gimana ya,gw pernah bikin tp konsistensinya gak berubah jadi dia ttp thick gt kalo kena air dingin meanwhile kalo liat di coffeeshop kaya kopken dia bakal larut",teman-teman bikin salted caramel sirup larut kopi dingin resepnya yagw bikin konsistensinya gak berubah thick kena air dingin meanwhile lihat coffeeshop kaya kopi kenangan larut,positive
10/2024,kopken sama pacarkuww,kopi kenangan pacarkuww,positive
10/2024,HAHAHA KOPI KENANGAN SELALU,hahaha kopi kenangan,negative
10/2024,"Aku GERD, jarang konsumsi kopi kalo gak pengen banget. Mentok cuma mampu minum kopken anjrit. Jantungnya langsung kayak mau lepas kalo minum sbux.",gerd jarang konsumsi kopi gak pengen banget mentok minum kopi kenangan anjing jantungnya kayak lepas minum starbucks,negative
10/2024,"americano enakkk, kopi kenangan mantan no sugar lovvv",americano enakkk kopi kenangan gula lovvv,positive
10/2024,"Kalo ada ""creamy aren latte"" pesen itu aja beb yg less sugar Kalo gaada pesen kopi kenangan mantan yg less sugar aja signaturenya udh enak bgt",creamy aren latte pesen sayang gula uang pesen kopi kenangan gula signaturenya udah enak banget,positive
10/2024,"baru semalem mampir ngopi ke kopken yg ada di midvalley dan beli caramel macchiato, tapi rasanya beda sama yg di indo. enakan yg di indo hiks",semalem mampir ngopi kopi kenangan midvalley beli caramel macchiato beda indo enakan indo hiks,positive
11/2024,Dah lama ga minum kopken,deh minum kopi kenangan,positive
11/2024,setujuuu kak aku prefer kopken sih hihi,setujuuu kak prefer kopi kenangan sih hihi,positive
11/2024,Iyaa tiap cabang beda2 rasanya better kopken xixixi,iyaa cabang beda2 better kopi kenangan tertawa,positive
11/2024,"Udh mencoba utk suka sama ni merk kopi, nyoba yg best seller, yg biasanya enak d tempat lain (kopken misal) tapi jyujyur gaada yg enak",udah mencoba suka merk kopi nyoba best seller enak kopi kenangan jyujyur uang enak,positive
11/2024,Kopken ada menu roti nya kk?,kopi kenangan menu roti nya kakak,neutral
11/2024,kopken lg promo upgrade niyyy,kopi kenangan promo upgrade niyyy,positive
11/2024,Kopken yang pake oatmilk terus less sugar,kopi kenangan pakai oatmilk gula,positive
11/2024,"MATCHA KOPKEN, matcha fav aku dari dulu sampe sekarang",matcha kopi kenangan matcha favorit,positive
11/2024,"baru coba yg jco, point, sama kopken. Menurutku, rumput terbaik ada di kopken .",coba jco point coffee kopi kenangan menurutku rumput terbaik kopi kenangan,positive
11/2024,kmrn baru coba butterscotch nya kopken. kureng rasanyaa. udh paling bener klo kopken tuh yg series aren. btw cotti coffee jg enakk yg coco rice milk latte,coba butterscotch nya kopi kenangan kureng rasanyaa udah benar kopi kenangan tuh series aren ngomong-ngomong cotti coffee enakk coco rice milk latte,positive
11/2024,"Feel matcha, kopken, point coffee 70%. Kalau yg instan beli yg Matchamu, homelab",feel matcha kopi kenangan point coffee coffee 70 instan beli matchamu homelab,positive
11/2024,"kalo suka tipikal matcha yg ada paitnya, coba kopken less sugar (susu ganti oat pake yg biasa juga enak), feel matcha tapi mayan harganya tomorro less sugar",suka tipikal matcha paitnya coba kopi kenangan gula susu ganti oat pakai enak feel matcha mayan harganya tomorro gula,positive
11/2024,Kopken ada pait²nya gitu,kopi kenangan paitnya,neutral
11/2024,"matcha kopken no sugar itu enakkk, oh sama feel matcha juga enak bgt plis",matcha kopi kenangan gula enakkk feel matcha enak banget plis,positive
11/2024,"pure matcha yg dari homelab enakk nder, aku kalo bikin tu selalu kucampur susuu. kalo kamu pake oat milk, rasanya mirip kaya kopken matcha yg oatmilk less sugar!!",pure matcha homelab enakk bikin tu kucampur susuu pakai oat milk mirip kaya kopi kenangan matcha oatmilk gula,positive
11/2024,"Kalo bikin sendiri coba beli powder merk homelab, beli biasa si kopken (less sugar)/ maxx coffee",bikin coba beli powder merk homelab beli si kopi kenangan gula maxx coffee,positive
11/2024,kopken menurut gua ya WKWKWK tomoro bye krg suka di lidah,kopi kenangan wkwkwk tomoro bye krg suka lidah,positive
11/2024,"point, kopken, fore tp yg less sugar semua",point coffee kopi kenangan fore gula,negative
11/2024,"matcha tomoro, kopi kenangan, point coffee. selebihnya blm prnh ngerasain menu matcha lainnya",matcha tomoro kopi kenangan point coffee coffee selebihnya ngerasain menu matcha,positive
11/2024,"Matcha tomorro, Kopken, buat sendiri pakai bubuk beli dishopee lupa namanya",matcha tomorro kopi kenangan pakai bubuk beli dishopee lupa namanya,neutral
11/2024,Matcha kopken no sugar susunya ganti oatside,matcha kopi kenangan gula susunya ganti oatside,neutral
11/2024,"Matcha nya kopi kenangan enak banget, pesen nya less sugar, udah pas bgt manisnya",matcha nya kopi kenangan enak banget pesen nya gula pas banget manisnya,positive
11/2024,"HAKON Smwa warga depok wajib cobain matcha hakon, enak btull apalagi yg ceremonial no.90 Tapi bisa pilih no.65/70/90, sesuai preferensi masing2 tapi aku suka yg 90 Pilihan lain paling feel matcha/kopken/famima/point coffee",hakon smwa warga depok wajib cobain matcha hakon enak btull ceremonial no90 pilih no657090 preferensi masing2 suka 90 pilihan feel matchakopkenfamimapoint coffee,positive
11/2024,"Feel matcha! Benran matcha. Sama yg diboikot juga enak tuh Gua udh coba brbgai matcha, kopken, tomoro, strbukk, point, kafe2 di malang, bhkan jauh2 ke sby buat feel matcha, yaa ttp enakan feel matcha (beneran matcha ya) Kalo ga suka karna pahit ya brrti kamu suka gulanya",feel matcha benran matcha diboikot enak tuh udah coba brbgai matcha kopi kenangan tomoro strbukk point coffee kafe2 malang bhkan jauh-jauh sby feel matcha yaa enakan feel matcha beneran matcha suka pahit brrti suka gulanya,positive
11/2024,Menu kopi kenangan yang oatside magic matcha latte itu enakkkkkkkk bangetttt. Dia ada tambahan SKM nya jadi bikin matchanya ga pait banget dan balance gitu rasanya sama oatsidenya bikin jadi lebih 'gurih'(?) Pokoknya enak dahhh,menu kopi kenangan oatside magic matcha latte enakkkkkkkk bangetttt tambahan skm nya bikin matchanya pait banget balance oatsidenya bikin gurih pokoknya enak dahhh,positive
11/2024,"selama ini udah menobatkan kopken sbg matcha terenak, ternyata fore lebih enak jir pls harus nyobain greentea fore yg ice blended kinda thing itu gatau nama menunya lupa enak bgttt creamy tp paitnya juga ttp kerasa akskakdka enak bgt maaf bgt kopken kamu harus dethroned",menobatkan kopi kenangan sbg matcha terenak fore enak anjing pls nyobain greentea fore ice blended kinda thing gatau nama menunya lupa enak bgttt creamy paitnya kerasa akskakdka enak banget maaf banget kopi kenangan dethroned,positive
11/2024,aku pecinta matcha bgtt sejauh ini setelah nyoba berbagai matcha dmna2 juara sih feel matcha sama matchanya kopken kalo tomoro enak sih tapi bagiku tetep kemanisan soalnya aku suka yg cenderung pait,pecinta matcha bgtt nyoba matcha dmna2 juara sih feel matcha matchanya kopi kenangan tomoro enak sih bagiku tetep kemanisan suka cenderung pait,positive
11/2024,Matcha nya kopi kenangan enak nder,matcha nya kopi kenangan enak,positive
11/2024,kopken cintaquuu,kopi kenangan cintaquuu,positive
11/2024,"Klo mw murah Kopi Kenangan enakkk, matcha nya strong ada pait paitnya. Point coffee matcha ice jg enaa cmn dia lebih ke rasa susu sedikitt. Sama feel matchaaa ENAK BANGETSS. Selain itu gasuka cm matcha ala ala doang",now watching murah kopi kenangan enakkk matcha nya strong pait paitnya point coffee coffee matcha ice enaa cmn susu sedikitt feel matchaaa enak bangetss gasuka cm matcha ala ala doang,positive
11/2024,"Kalo beli : kopken,tomorrow,Lawson Kalo bikin : cy beverage,matchamu,beorganik,seduh pertama. Yg ku sebut type matcha yg pait-soft.",beli kopkentomorrowlawson bikin cy beveragematchamubeorganikseduh ku type matcha paitsoft,negative
11/2024,"Klo yg nyeduh sendiri aku suka matchamu sama homelab, klo yg versi udah jadi feelmatcha enak tapi gada disolo, kopken enak pesennya less sugar/nosugar +less ice nanti makin creamy + ada hint pait2nya, fore jugaa enak, tomoro enakk jugaaa",nyeduh suka matchamu homelab versi feelmatcha enak gada disolo kopi kenangan enak pesennya sugarnosugar ice creamy hint pait2nya fore jugaa enak tomoro enakk jugaaa,positive
11/2024,"Rill, matcha kopken terenak sih",rill matcha kopi kenangan terenak sih,positive
11/2024,Kopi kenangan x oatside enak bgt matchanya,kopi kenangan x oatside enak banget matchanya,positive
11/2024,kopisyop apa yg pake ini hmmm lupa kl es•teh rasanya ky pk matchamu kopken rasanya ky pk chocolatos.,kopisyop pakai hmmm lupa esteh penjahat kelamin matchamu kopi kenangan penjahat kelamin chocolatos,positive
11/2024,baru cobain kopken dan point coffe,cobain kopi kenangan point coffee coffe,positive
11/2024,"matchabae, fore jg enak, kopken",matchabae fore enak kopi kenangan,positive
11/2024,point ga terlalu berasa matchanya karna aku pesen yg frappe kopi kenangan enak tuh ada yg pake oatside aku belum coba feel matchaaa yg juara tomoro oatside,point coffee berasa matchanya pesen frappe kopi kenangan enak tuh pakai oatside coba feel matchaaa juara tomoro oatside,positive
11/2024,"oatside matcha nya kopken bjirr itu enak bgt, tapi kadang beda store agak beda rasanya dahh",oatside matcha nya kopi kenangan bjirr enak banget kadang beda store agak beda dahh,positive
11/2024,"Kalo bikin sendiri, pake ini nder enak pooll jadi creamy gitu hampir mirip punya kopken",bikin pakai enak pooll creamy hampir mirip kopi kenangan,positive
11/2024,oatsaide matcha latte no sugar nya kopi kenangan jugaa enakk,oatsaide matcha latte gula nya kopi kenangan jugaa enakk,positive
11/2024,"Kalau produk kemasan merk Zenlatte / matchamu, kalau coffe shop jogja ada di couve, matcha cult, kedai kopi kulo dan kopi kenangan (General)",produk kemasan merk zenlatte matchamu coffe shop jogja couve matcha cult kedai kopi kulo kopi kenangan general,positive
11/2024,Gatau lidah aku apa gimna tapi rasa matchanya kopken kek rasa susu kedelai,gatau lidah gimna matchanya kopi kenangan susu kedelai,positive
11/2024,Basic matchanya manis gasi ka kalo kopken? Asli aku kemaren beli matcha espresso no sugar. Tapi rasanya masih manis!!! Kaya normal sugar,basic matchanya manis gasi kakak kopi kenangan asli beli matcha espresso gula manis kaya normal gula,positive
11/2024,"kopken, point, tomoro. Less sugar/no sugar + oat milk juaaaraaa pkoknya",kopi kenangan point coffee tomoro sugarno gula oat milk juaaaraaa pkoknya,positive
11/2024,"Matcha kopken sama foreee, kalo di pwt ada cafe namanya Nastari, itu enak juga matchanya",matcha kopi kenangan foreee pwt cafe namanya nastari enak matchanya,positive
11/2024,"yg terenak yg pernah ku coba kopken, point coffee, sama feel matcha, rill enak bgt cuyyy feel matcha . klo bikin sendiri aku pake mixtura yg kaya gini. Ini enak bgt pake skm + susu evaporasi merek f&n + susu full cream.",terenak ku coba kopi kenangan point coffee coffee feel matcha rill enak banget cuyyy feel matcha bikin pakai mixtura kaya gini enak banget pakai skm susu evaporasi merek fn susu full cream,positive
11/2024,"kopi kenangan nder abis minum ini gw tremor, soalnya ga toleran sama kopi",kopi kenangan habis minum tremor toleran kopi,negative
11/2024,"Kalo di jogja Peringkat 1 : houji Peringkat 2 : couvee Peringkat 3 : kopi kenangan (less sugar) Sementara itu sih, belom nyobain matcha cult. Besok kalo dah coba gatau peringkatnya bakal berubah gk wkaka",jogja peringkat 1 houji peringkat 2 couvee peringkat 3 kopi kenangan gula sih nyobain matcha cult besok deh coba gatau peringkatnya berubah gk wkaka,positive
11/2024,Kopi Kenangan Oatside Matcha Latte,kopi kenangan oatside matcha latte,positive
11/2024,klo beli diluar kopken hot matchanyaa aduh lebih enak dr sbux kt guee. klo nyeduh dari seduhanpertama pure matcha tinggal dimix pake madu/skm or anything what u want,beli diluar kopi kenangan hot matchanyaa aduh enak dr starbucks guee nyeduh seduhanpertama pure matcha dimix pakai maduskm or anything what want,positive
11/2024,punya kopken enaa,kopi kenangan enaa,positive
11/2024,"fore sama kopken dah tu paling enak, apalagi kopken pakenya oatmilk anjing surga dunia",fore kopi kenangan deh tu enak kopi kenangan pakenya oatmilk anjing surga dunia,positive
11/2024,"Paling best Allure sih tapi udah ga ada kenapa ya :( abis tu kopken tapi yg hot + half sugar karna kalo cold ga creamy, fore jg enak less sugar pake toping seasalt mantap, terus point coffee tp less sugar",best allure sih habis tu kopi kenangan hot half gula cold creamy fore enak gula pakai toping seasalt mantap point coffee coffee gula,positive
11/2024,Matcha feel sama kopi kenangan sejauh ini yg paling aku suka nyeduh sendiri blm pernah takut ga enak,matcha feel kopi kenangan suka nyeduh takut enak,positive
11/2024,Kalo sama tomoro/kopken enakan mana kak sama eighty one ini? Kepo jadinya,tomorokopken enakan kak eighty one urusan,positive
11/2024,tadii beli kopken mantan enak bgttt,tadii beli kopi kenangan enak bgttt,positive
11/2024,kopken tetap dihati,kopi kenangan dihati,positive
11/2024,"ga akan cocok sm kopinya kopken sebenernya, tapi gatau beli terus dan berakhir deg deg an",cocok kopinya kopi kenangan sebenernya gatau beli berakhir deg deg an,negative
11/2024,"Matcha kopken emg andalanku bgt sih.. Upsize, less ice, NO sugar..",matcha kopi kenangan memang andalanku banget sih upsize ice gula,positive
11/2024,Cuma pengen ngambil yg kopken ternyata hanya berlaku untuk kopi susu gula aren bukan yg kenangan mantan jd ga jadi ambil promo,pengen kopi kenangan berlaku kopi susu gula aren kenangan ambil promo,negative
11/2024,Kopken kopsus gula aren 14k Charlies 20k/kotak Roti o 27k dpt 3,kopi kenangan kopsus gula aren 14k charlies 20kkotak roti o 27k 3,neutral
11/2024,promo kopi kenangan apa tuh?,promo kopi kenangan tuh,negative
11/2024,"tomoro kok 24 jam, cabang mana? kopken itu di sby ada yg 24 jam",tomoro 24 jam cabang kopi kenangan sby 24 jam,negative
12/2024,Mjb triple peach nya manisnya pake syrup peach kayak punya kopken ga kak?,mjb triple peach nya manisnya pakai syrup peach kayak kopi kenangan kak,neutral
12/2024,"iya dia manis ga semanis kopken sih, lebih ke asem menurutku. bisa minta less sugar juga sih",iya manis semanis kopi kenangan sih asam menurutku gula sih,negative
12/2024,"Ahh I see, americano peach nya kopken soalnya artificial bgt rasa manisnya imho haha, aneh.",ahh i see americano peach nya kopi kenangan artificial banget manisnya in my humble opinion tertawa aneh,negative
12/2024,"aku malah suka2 aja yg kopken hahaha tp yg fore lebih enak sih menurutku, lebih seger",suka2 kopi kenangan hahaha fore enak sih menurutku seger,positive
12/2024,"ke kopken/chatime, kalo pgn makan berat andalanku tak lain adalah hokben",kopkenchatime makan andalanku hokben,positive
12/2024,"kalo mau makan berat paling hokben & ta wan, kalo cuma ngemil ke mako aja beli croissant sm kopken",makan hokben ta wan ngemil mako beli croissant kopi kenangan,positive
12/2024,"Ini kalo kamu komplain, dikasih kompesasi sama storenya, kopken itu management bagus bgt",komplain dikasih kompesasi storenya kopi kenangan management bagus banget,positive
12/2024,"Ini kalo kopken, terus komplain, bakal dapat kompensasi",kopi kenangan komplain kompensasi,negative
12/2024,"gua malah kemaren di kopken minta yg satu hot yg satu ice malah dibikin ice dua-duanya jir... tapi males ribut jg sih, soalnya 30k dapet 2 kopi sama cookies & roti so fair enough, i guess",kopi kenangan hot ice dibikin ice duaduanya anjing males ribut sih 30k 2 kopi cookies roti so fair enough i guess,positive
12/2024,Kopken order less ice dapetnya normal ice trus point coffee order normal ice dapetnya less ice. Dah lah ga ngerti sayaa,kopi kenangan order ice dapetnya normal ice point coffee coffee order normal ice dapetnya ice deh mengerti sayaa,negative
12/2024,"Kopken nderr, dapet dari kondangan xixi",kopi kenangan nderr kondangan xixi,neutral
12/2024,"kpn hari pas di kopken hehe, “mba less sugar ya” “oke saya ulangi butterscoth aren normal sugar ya kak” *iyain deh skali2* t___t",pas kopi kenangan he mbak gula oke ulangi butterscoth aren normal gula kak iyain deh skali2 tt,negative
12/2024,"dah lama banget ga minum milo dinosaurus, terakhir kopken tapi kemanisan",deh banget minum milo dinosaurus kopi kenangan kemanisan,negative
12/2024,ada feel matcha dan threelogy iucha sm punya kopken tu mayan enak loo.. aku kalo beli selalu no sugar,feel matcha threelogy iucha kopi kenangan tu mayan enak loo beli gula,positive
12/2024,"feel matcha bitter kok, no sugar aja kopken juga no sugar aja bitter itu lainnya belum nemu yg cocok yg bitter deh",feel matcha bitter gula kopi kenangan gula bitter nemu cocok bitter deh,negative
12/2024,Loh kopken buka di samudra juga kah,loh kopi kenangan buka samudra,negative
12/2024,Di laut ada yg jual kopken nder?,laut jual kopi kenangan,neutral
12/2024,Ko bisa dapet kopken ditengah laut????,ko kopi kenangan ditengah laut,positive
12/2024,sendernya yang tadi pagi sarapan di samudra hindia ya. dapet kopken dari mana nder,sendernya pagi sarapan samudra hindia kopi kenangan,neutral
12/2024,Kopken di samudra apaa nder,kopi kenangan samudra apaa,neutral
12/2024,fore yg triple peach americano kopken yg kenangan mantan + oatside,fore triple peach americano kopi kenangan kenangan oatside,positive
12/2024,kopken buka di samudra nder?,kopi kenangan buka samudra,neutral
12/2024,"Usaha sampingan Nyi roro kidul, franchise kopken",usaha sampingan nyi roro kidul franchise kopi kenangan,neutral
12/2024,Ditengah laut emg ada yg jual kopken?,ditengah laut memang jual kopi kenangan,negative
12/2024,kopken buka outlet di tengah laut nder?,kopi kenangan buka outlet laut,neutral
12/2024,"Nder kopken yang segede gitu ngerasa agak beda gak sih rasanya? Sumpil aku nyoba sekali terus gak mau beli lagi, soalnya ngerasa gak enak anjir kek beda kek hah apaan ini?????",kopi kenangan segede ngerasa agak beda gak sih sumpil nyoba gak beli ngerasa gak enak anjing beda hah,negative
12/2024,Putri duyung daerah mana itu yg buka franchise kopken?,putri duyung daerah buka franchise kopi kenangan,neutral
12/2024,"nama asli gue ada ""cinta"" nya jadi ya itu kalo kopken kan pake apk gue namainnya ini wkwkwkw",nama asli cinta nya kopi kenangan kan pakai apk namainnya wkwkwkw,negative
12/2024,"Sejauh ini nih kopi bikin gue sampe “hah ada kopi seenak ini” kopken, tomoro, tuku, janjiw, fore lewatttttt kalo sama ini. Plsss siapa tau ownernya ada disini tolong buka outlet lagi di PIK",kopi bikin hah kopi seenak kopi kenangan tomoro tuku janjiw fore lewatttttt plsss ownernya disini buka outlet pik,positive
12/2024,Cuma kopi susu gula aren yg cocok klo kopken,kopi susu gula aren cocok kopi kenangan,positive
12/2024,"kalo kopken pake member pasti pake nama asli, kalo di yg lain atau di kafe pasti pake nama atuy",kopi kenangan pakai member pakai nama asli kafe pakai nama atuy,negative
12/2024,"Thai tea, thai green tea sama kopi kenangan mantan sih enak",thai tea thai green tea kopi kenangan sih enak,positive
12/2024,"kopi kenangan mantan less sugar nya udah paling penting enak nder, aku nyoba beberapa menu lain, tapi tetep itu sih paling enak, murah lagii",kopi kenangan gula nya enak nyoba menu tetep sih enak murah lagii,positive
12/2024,"tim kopken atau fore. Dari reply banyak yg suka tuku, tapi imo menurutku dominan rasa creamy, rasa kopinya tipis, mesti +extra shot kalo gue. Tergantung seleramu aja nder lebih suka yg kopinya dominan atau rasa susu nya dominan",tim kopi kenangan fore reply suka tuku imo menurutku dominan creamy kopinya tipis mesti extra shot tergantung seleramu suka kopinya dominan susu nya dominan,positive
12/2024,"coffee: outside kopi kenangan mantan, kl gamau manis bisa less sugar. tapi yg paling aku suka itu creamy aren latte, lebih creamy dari kenangan mantan tapi kopinya tetep berasa dan lebih manis mungkin bisa less sugar non-coffee: kl mau seger bisa raspberry hibiscus tp agak asem-",coffee outside kopi kenangan gamau manis gula suka creamy aren latte creamy kenangan kopinya tetep berasa manis mungkin gula noncoffee seger raspberry hibiscus agak asam,positive
12/2024,"Wow, selera kita sama nder!! Outside kopken mantan + creamy aren latte masih jadi top kopi di kopken",wow selera outside kopi kenangan creamy aren latte top kopi kopi kenangan,positive
12/2024,Nangis bgt kopi kenangan mantan di bilang ga enak HAHAHAHA,menangis banget kopi kenangan bilang enak hahahaha,negative
12/2024,"sumpah outside kopken enakkk yaaa, enaknya kalo udh diminum lama dan diakhir gitu, kaya gurih2 wkkwwk duh enaklah pokoknyaaa",sumpah outside kopi kenangan enakkk yaaa enaknya udah diminum diakhir kaya gurih2 wkkwwk aduh enaklah pokoknyaaa,positive
12/2024,Kopi tuku/kopken/kopi keluarga (family mart),kopi tukukopkenkopi keluarga family mart,positive
12/2024,Creamy aren latte sama kopi kenangan mantan slalu jd favku nderr,creamy aren latte kopi kenangan slalu favku nderr,positive
12/2024,"kopi kenangan mantan sama matcha latte nya tetep jadi kecintaanku sih, tapi harus less sugar",kopi kenangan matcha latte nya tetep kecintaanku sih gula,positive
12/2024,yang 1L bru coba kopken aja,1l coba kopi kenangan,positive
12/2024,aku sama adekku selalu pesen kopi kenangan nder (yg matcha suamiku). pernah nyoba cafe latte tapi agak pait buatku jd balik lg ke kopkennya,adekku pesen kopi kenangan matcha suamiku nyoba cafe latte agak pait buatku kopkennya,positive
12/2024,Drpd janjiw mending kopken,janjiw kopi kenangan,negative
12/2024,KopKen selalu pesen Americano atau Kenangan Mantan kalo pengen lebih creamy pesen Creamy Aren Latte. Pernah cobain varian kopinya yg lain blm nemu yg cocok. Kalo pengen yg seger² non-coffee: Raspberry Hibiscus atau Peach Tea,kopi kenangan pesen americano kenangan pengen creamy pesen creamy aren latte cobain varian kopinya nemu cocok pengen seger noncoffee raspberry hibiscus peach tea,positive
12/2024,"kopi kenangan mantan, kopi susu gula aren, creamy aren latte",kopi kenangan kopi susu gula aren creamy aren latte,positive
12/2024,outside kopi kenangan mantan trus upgrade ke juwara beans,outside kopi kenangan upgrade juwara beans,neutral
12/2024,"coffee : kopi kenangan mantan pake juwara beans + oatside dan less sugar, ice normal non coffee : avocado caramel (the best)",coffee kopi kenangan pakai juwara beans oatside gula ice normal non coffee avocado caramel best,positive
12/2024,"janji jiwa buang aja, ga pantes disandingin sama kopken atau calf",janji jiwa buang pantes disandingin kopi kenangan calf,negative
12/2024,Aku juga creamy aren latte menjadi top bgt kalau ke kopken. Sejatuh cinta itu sama creamy aren latte,creamy aren latte top banget kopi kenangan sejatuh cinta creamy aren latte,positive
12/2024,kopi kenangan mantan tp yg freezy kakk,kopi kenangan freezy kakk,positive
12/2024,"ke kopken kok beli kopi, thai tea lah",kopi kenangan beli kopi thai tea,negative
12/2024,"Butterscotch Sea Salt Latte Vanilla Latte Spanish Latte (tp varian ini udah kosong) Gue langganan kopken, bisa dibilang 3 varian ini yg masuk di gue. Gak creamy juga gak pait2 banget.",butterscotch sea salt latte vanilla latte spanish latte varian kosong langganan kopi kenangan dibilang 3 varian masuk gak creamy gak pait2 banget,positive
12/2024,"kopi kenangan mantan pake outside atau ga creamy aren latte, itu paling top ga pernah ganti ganti!!",kopi kenangan pakai outside creamy aren latte top ganti ganti,positive
12/2024,kopken & tuku sih nder,kopi kenangan tuku sih,positive
12/2024,kopi kenangan mantannya udah paling enak,kopi kenangan mantannya enak,positive
12/2024,"selalu beli yg kopi kenangan mantan (normal sugar) sm creamy aren latte (less sugar) pake juwara beans, aku ngerasanya beda aja sm yg kenangan beans lebih enak pake juwara beans. milknya yg biasa aja udh enak tp kalau mau lebih enak+gurih ganti pake outside",beli kopi kenangan normal gula creamy aren latte gula pakai juwara beans ngerasanya beda kenangan beans enak pakai juwara beans milknya udah enak enakgurih ganti pakai outside,positive
12/2024,"soal takaran gulanya dicoba2 aja nderrr kopken tuuh cenderung ke maniiis jd hampir semua minuman milk basednya tuh kemanisan di aku. matchanya jg lumayan tp harus less sugar, wajib malah kalau ga over bgt manisnya",takaran gulanya dicoba2 nderrr kopi kenangan tuuh cenderung maniiis hampir minuman milk basednya tuh kemanisan matchanya lumayan gula wajib over banget manisnya,positive
12/2024,"Krn sendernya butuh rekomen kopinya, gue gak bisa kasih, krn menurut gue zonk semua. Satu2nya series terenak di kopken itu matcha series aja.",sendernya butuh rekomen kopinya gak kasih bodoh satu2nya series terenak kopi kenangan matcha series,positive
12/2024,App kopi kenangan kak,app kopi kenangan kak,positive
12/2024,di kopken yg creamy apa ya kawan2? tolong rekom nyaa,kopi kenangan creamy kawan2 rekom nyaa,neutral
12/2024,"coffe: kalo suka creamy yg creamy aren latte, non-coffee: EARL GREY milk tea!!! enak polll aku blm nemu earl grey lbh enak drpd di kopken (tapi jarang ada di storenya) wkwk",coffe suka creamy creamy aren latte noncoffee earl grey milk tea enak polll nemu earl grey lbh enak kopi kenangan jarang storenya wkwk,positive
12/2024,Fore kakkkk tapi kopken juga udab proper,fore kakkkk kopi kenangan udab proper,neutral
12/2024,"Beli di outlet kopken: 1. Pilih menu di kasir 2. Bayar pake Qris Blu (Pastiin saldonya cukup yaa) Selamat mencoba guyss, lumayan bangett promonyaa. Buruan dipake yaa sebelum kehabisann Kalo masih bingung gmn caranya, boleh tanya ke aku yaa",beli outlet kopi kenangan 1 pilih menu kasir 2 bayar pakai qris blu pastiin saldonya yaa selamat mencoba guyss lumayan bangett promonyaa buruan dipake yaa kehabisann bingung gmn caranya yaa,positive
12/2024,kopi kenangan mantan less sugar enak bgt,kopi kenangan gula enak banget,positive
12/2024,"Kopi kenangan mantan , less cofee , normal sugar , extra ice",kopi kenangan cofee normal gula extra ice,positive
12/2024,"kopi soe, janjiw, kopken, tomoro",kopi soe janjiw kopi kenangan tomoro,positive
12/2024,Dua shots ice shaken sm kopi kenangan mantan,shots ice shaken kopi kenangan,neutral
12/2024,Matchanya fore sih kak.. Tapi aku punya diskonnya kopken di shopee https://shopee.co.id/universal-link/now-food/storeListing/84856…,matchanya fore sih kak diskonnya kopi kenangan shopee,positive
12/2024,@FOODFESS2 ada yang pernahh cobain milkbun kopken ga yaa? ripyuu nya dongg,pernahh cobain milkbun kopi kenangan yaa ripyuu nya dongg,neutral
12/2024,Strong semua tomoro. Mending ke kopken,strong tomoro kopi kenangan,negative
12/2024,Dua kali. Kopi Kenangan Mantan dan Fore Buttercream Tiramisu Latte,kopi kenangan fore buttercream tiramisu latte,positive
12/2024,kopken juga lagi,kopi kenangan,positive
12/2024,kalau aku janjiw gak terlalu suka malah aku berharapnya kopken ada versi gerobaknyaa wkwkw,janjiw gak suka berharapnya kopi kenangan versi gerobaknyaa wkwkw,negative
