Class,Weight
0,1.4795624640184226
1,2.595959595959596
2,0.515753562111178
